time_boot_ms,lat,lon,rel_alt_m,vx_mps,vy_mps,vz_mps,mode,true_lat,true_lon
79724,45.0000001,10.9999997,33.858,-0.02,0.02,-1.16,AUTO,45.0000002,10.9999994
79974,45.0000001,10.9999997,34.129,-0.02,0.02,-1.02,AUTO,45.0000002,10.9999994
80224,45.0000001,10.9999997,34.366,-0.02,0.02,-0.89,AUTO,45.0000002,10.9999994
80474,45.0000001,10.9999997,34.568,-0.02,0.02,-0.75,AUTO,45.0000002,10.9999994
80724,45.0000001,10.9999997,34.734,-0.02,0.02,-0.6,AUTO,45.0000002,10.9999994
80974,45.0000001,10.9999997,34.863,-0.01,0.02,-0.45,AUTO,45.0000001,10.9999994
81224,45.0000001,10.9999997,34.951,-0.01,0.02,-0.27,AUTO,45.0000001,10.9999995
81474,45.0000001,10.9999997,34.992,-0.01,0.02,-0.08,AUTO,45.0000001,10.9999995
81724,45.0000001,10.9999997,34.995,0.0,0.02,0.01,AUTO,45.0000001,10.9999995
81974,45.0000001,10.9999997,34.984,0.0,0.02,0.03,AUTO,45.0000001,10.9999995
82224,45.0000001,10.9999997,34.971,0.0,0.02,0.03,AUTO,45.0000001,10.9999995
82474,45.0000001,10.9999997,34.961,-0.01,0.05,0.01,AUTO,45.0000002,10.9999995
82724,45.0000001,11.0,34.955,-0.02,0.14,0.0,AUTO,45.0000002,10.9999995
82974,45.0000001,11.0000006,34.953,-0.01,0.28,-0.01,AUTO,45.0000002,10.9999998
83224,45.0000001,11.0000017,34.953,-0.01,0.48,-0.01,AUTO,45.0000002,11.0000004
83474,45.0000001,11.0000035,34.955,-0.01,0.71,-0.02,AUTO,45.0000004,11.0000015
83724,45.0000002,11.0000061,34.96,0.0,0.99,-0.03,AUTO,45.0000004,11.0000033
83974,45.0000002,11.0000096,34.966,-0.01,1.32,-0.03,AUTO,45.0000004,11.0000061
84224,45.0000002,11.0000143,34.973,-0.02,1.69,-0.02,AUTO,45.0000004,11.0000097
84474,45.0000002,11.0000202,34.978,-0.02,2.11,-0.02,AUTO,45.0000004,11.0000144
84724,45.0000002,11.0000274,34.984,-0.03,2.57,-0.02,AUTO,45.0000004,11.0000204
84974,45.0000002,11.0000362,34.988,-0.02,3.07,-0.01,AUTO,45.0000004,11.0000278
85224,45.0000002,11.0000466,34.992,-0.02,3.55,-0.01,AUTO,45.0000004,11.0000366
85474,45.0000002,11.0000584,34.997,-0.01,3.98,-0.01,AUTO,45.0000004,11.0000471
85724,45.0000002,11.0000715,35.0,-0.01,4.35,0.0,AUTO,45.0000004,11.0000591
85974,45.0000002,11.0000857,35.003,-0.01,4.67,0.0,AUTO,45.0000004,11.0000723
86224,45.0000002,11.0001009,35.004,-0.01,4.95,0.0,AUTO,45.0000002,11.0000868
86474,45.0000002,11.000117,35.005,-0.01,5.19,0.0,AUTO,45.0000002,11.0001021
86724,45.0000002,11.0001338,35.006,-0.01,5.38,0.0,AUTO,45.0000002,11.0001184
86974,45.0000001,11.0001511,35.006,-0.01,5.53,0.0,AUTO,45.0000001,11.0001351
87224,45.0000001,11.0001689,35.006,-0.01,5.63,0.0,AUTO,45.0000001,11.0001526
87474,45.0000001,11.0001869,35.006,-0.01,5.68,0.0,AUTO,45.0000001,11.0001705
87724,45.0000001,11.000205,35.005,0.0,5.71,0.0,AUTO,45.0000001,11.0001886
87974,45.0000001,11.0002233,35.004,0.0,5.73,0.0,AUTO,45.0000001,11.0002067
88224,45.0000001,11.0002416,35.004,0.0,5.76,0.0,AUTO,45.0000001,11.0002251
88474,45.0000001,11.00026,35.003,0.0,5.79,0.0,AUTO,45.0000001,11.0002433
88724,45.0000001,11.0002785,35.003,0.0,5.81,0.0,AUTO,45.0000001,11.0002619
88974,45.0000001,11.0002971,35.004,0.0,5.83,0.0,AUTO,45.0000001,11.0002804
89224,45.0000001,11.0003157,35.004,0.0,5.85,0.0,AUTO,45.0000001,11.0002988
89474,45.0000001,11.0003344,35.005,0.0,5.86,0.0,AUTO,45.0000001,11.0003175
89724,45.0000001,11.000353,35.005,0.0,5.87,0.0,AUTO,45.0000001,11.0003362
89974,45.0000001,11.0003716,35.005,0.0,5.88,0.0,AUTO,45.0000001,11.0003549
90224,45.0000001,11.0003903,35.006,0.0,5.89,0.0,AUTO,45.0000001,11.0003738
90474,45.0000001,11.0004091,35.006,0.0,5.9,0.0,AUTO,45.0000001,11.0003925
90724,45.0000001,11.0004279,35.006,0.0,5.91,0.0,AUTO,45.0,11.0004113
90974,45.0000001,11.0004467,35.006,0.0,5.92,0.0,AUTO,45.0,11.0004302
91224,45.0000001,11.0004656,35.005,0.0,5.93,0.0,AUTO,45.0,11.000449
91474,45.0000001,11.0004845,35.005,0.0,5.93,0.0,AUTO,45.0,11.000468
91724,45.0000001,11.0005034,35.006,0.0,5.94,0.0,AUTO,45.0,11.000487
91974,45.0,11.0005223,35.006,0.0,5.94,0.0,AUTO,45.0,11.0005059
92224,45.0,11.0005413,35.007,0.0,5.94,0.0,AUTO,45.0,11.0005249
92474,45.0,11.0005603,35.007,0.0,5.94,0.0,AUTO,45.0,11.0005439
92724,45.0,11.0005792,35.007,0.0,5.93,0.0,AUTO,45.0,11.0005627
92974,45.0,11.0005982,35.007,0.0,5.93,0.0,AUTO,45.0,11.0005817
93224,45.0,11.0006171,35.007,0.0,5.93,0.0,AUTO,45.0,11.0006007
93474,45.0,11.000636,35.006,0.0,5.94,0.0,AUTO,45.0,11.0006196
93724,45.0,11.0006549,35.006,0.0,5.94,0.0,AUTO,45.0,11.0006384
93974,45.0,11.0006739,35.005,0.0,5.94,0.0,AUTO,45.0,11.0006574
94224,45.0,11.0006928,35.005,0.0,5.94,0.0,AUTO,45.0,11.0006764
94474,45.0,11.0007119,35.005,0.0,5.94,0.0,AUTO,45.0,11.0006954
94724,45.0,11.0007308,35.004,0.0,5.95,0.0,AUTO,45.0,11.0007143
94974,45.0,11.0007498,35.004,0.0,5.95,0.0,AUTO,45.0,11.0007331
95224,45.0,11.0007688,35.004,0.0,5.95,0.0,AUTO,45.0,11.0007521
95474,45.0,11.0007877,35.004,0.0,5.95,0.0,AUTO,45.0,11.0007711
95724,45.0,11.0008067,35.004,0.0,5.95,0.0,AUTO,45.0,11.0007901
95974,45.0,11.0008257,35.004,0.0,5.96,0.0,AUTO,45.0,11.000809
96224,45.0,11.0008447,35.004,0.0,5.96,0.0,AUTO,45.0000001,11.000828
96474,45.0,11.0008638,35.004,0.0,5.96,0.0,AUTO,45.0000001,11.000847
96724,45.0,11.0008828,35.004,0.0,5.96,0.0,AUTO,45.0000001,11.000866
96974,45.0,11.0009018,35.004,0.0,5.96,0.0,AUTO,45.0000001,11.000885
97224,45.0,11.0009208,35.003,0.0,5.96,0.0,AUTO,45.0000001,11.000904
97474,45.0,11.0009398,35.003,0.0,5.96,0.0,AUTO,45.0000001,11.000923
97724,45.0,11.0009588,35.003,0.0,5.97,0.0,AUTO,45.0000001,11.000942
97974,45.0,11.0009778,35.003,0.0,5.97,0.0,AUTO,45.0000001,11.000961
98224,45.0,11.0009968,35.002,0.0,5.97,0.0,AUTO,45.0000001,11.00098
98474,45.0,11.0010159,35.002,0.0,5.97,0.0,AUTO,45.0000001,11.000999
98724,45.0,11.001035,35.002,0.0,5.97,0.0,AUTO,45.0000001,11.0010181
98974,45.0,11.001054,35.001,0.0,5.97,0.0,AUTO,45.0000001,11.0010371
99224,45.0,11.0010731,35.001,0.0,5.97,0.0,AUTO,45.0000001,11.0010561
99474,45.0,11.0010921,35.001,0.0,5.97,0.0,AUTO,45.0000001,11.0010751
99724,45.0,11.0011111,35.001,0.0,5.97,0.0,AUTO,45.0000001,11.0010941
99974,45.0,11.0011301,35.001,0.0,5.97,0.0,AUTO,45.0000001,11.0011131
100224,45.0,11.0011492,35.001,0.0,5.97,0.0,AUTO,45.0000001,11.0011321
100474,45.0,11.0011682,35.001,0.0,5.97,0.0,AUTO,45.0000001,11.0011513
100724,45.0,11.0011873,35.001,0.0,5.98,0.0,AUTO,45.0000001,11.0011703
100974,45.0,11.0012064,35.001,0.0,5.98,0.0,AUTO,45.0000001,11.0011894
101224,45.0,11.0012255,35.001,0.0,5.97,0.0,AUTO,45.0000001,11.0012084
101474,45.0,11.0012445,35.001,0.0,5.97,0.0,AUTO,45.0000001,11.0012274
101724,45.0,11.0012636,35.001,0.0,5.97,0.0,AUTO,45.0000001,11.0012464
101974,45.0,11.0012826,35.001,0.0,5.97,0.0,AUTO,45.0000001,11.0012654
102224,45.0,11.0013016,35.001,0.0,5.97,0.0,AUTO,45.0000001,11.0012846
102474,45.0,11.0013205,35.001,0.0,5.97,0.0,AUTO,45.0000001,11.0013036
102724,45.0,11.0013396,35.001,0.0,5.98,0.0,AUTO,45.0000001,11.0013227
102974,45.0,11.0013585,35.001,0.0,5.98,0.0,AUTO,45.0000001,11.0013417
103224,45.0,11.0013775,35.001,0.0,5.99,0.0,AUTO,45.0000001,11.0013607
103474,45.0,11.0013966,35.001,0.0,5.99,0.0,AUTO,45.0000001,11.0013799
103724,45.0,11.0014157,35.001,0.0,5.99,0.0,AUTO,45.0000001,11.001399
103974,45.0,11.0014347,35.001,0.0,6.0,0.0,AUTO,45.0000002,11.001418
104224,45.0,11.0014538,35.001,0.0,5.99,0.0,AUTO,45.0000002,11.0014372
104474,45.0,11.001473,35.001,0.0,5.99,0.0,AUTO,45.0000002,11.0014564
104724,45.0000001,11.001492,35.001,0.0,5.99,0.0,AUTO,45.0000002,11.0014755
104974,45.0000001,11.0015112,35.001,0.0,5.99,0.0,AUTO,45.0000002,11.0014947
105224,45.0000001,11.0015303,35.001,-0.01,5.98,0.0,AUTO,45.0000002,11.0015138
105474,45.0000001,11.0015493,35.001,-0.01,5.98,0.0,AUTO,45.0000002,11.0015328
105724,45.0000001,11.0015684,35.001,-0.01,5.98,0.0,AUTO,45.0000002,11.001552
105974,45.0000001,11.0015875,35.0,-0.01,5.98,0.0,AUTO,45.0000002,11.0015711
106224,45.0000001,11.0016065,35.0,-0.01,5.98,0.0,AUTO,45.0000002,11.0015901
106474,45.0000001,11.0016256,34.999,-0.01,5.97,0.0,AUTO,45.0000002,11.0016091
106724,45.0000001,11.0016447,34.999,-0.01,5.97,0.0,AUTO,45.0000002,11.0016283
106974,45.0000001,11.0016639,34.999,0.0,5.97,0.0,AUTO,45.0000002,11.0016474
107224,45.0000001,11.0016829,34.999,0.0,5.97,0.0,AUTO,45.0000002,11.0016664
107474,45.0000001,11.001702,34.999,0.0,5.96,0.0,AUTO,45.0000002,11.0016854
107724,45.0000001,11.001721,34.999,-0.01,5.96,0.0,AUTO,45.0000002,11.0017044
107974,45.0000001,11.0017399,34.999,-0.01,5.97,0.0,AUTO,45.0000002,11.0017234
108224,45.0000001,11.001759,34.999,-0.01,5.97,0.0,AUTO,45.0000002,11.0017424
108474,45.0000001,11.001778,34.999,-0.01,5.97,0.0,AUTO,45.0000002,11.0017614
108724,45.0000001,11.001797,34.999,-0.01,5.97,0.0,AUTO,45.0000002,11.0017804
108974,45.0000001,11.0018161,35.0,0.0,5.97,0.0,AUTO,45.0000001,11.0017994
109224,45.0000001,11.0018351,35.0,-0.01,5.97,0.0,AUTO,45.0000001,11.0018184
109474,45.0000001,11.0018542,35.001,-0.01,5.97,0.0,AUTO,45.0000001,11.0018374
109724,45.0000001,11.0018732,35.001,0.0,5.98,0.0,AUTO,45.0000001,11.0018564
109974,45.0000001,11.0018922,35.001,0.0,5.98,0.0,AUTO,45.0000001,11.0018754
110224,45.0000001,11.0019113,35.001,0.0,5.98,0.0,AUTO,45.0000001,11.0018944
110474,45.0000001,11.0019303,35.001,0.0,5.98,0.0,AUTO,45.0000001,11.0019136
110724,45.0000001,11.0019494,35.001,0.0,5.98,0.0,AUTO,45.0000001,11.0019326
110974,45.0000001,11.0019685,35.0,0.0,5.98,0.0,AUTO,45.0000001,11.0019516
111224,45.0000001,11.0019876,35.0,0.0,5.98,0.0,AUTO,45.0000001,11.0019707
111474,45.0000001,11.0020067,35.0,0.0,5.97,0.0,AUTO,45.0000001,11.0019897
111724,45.0000001,11.0020257,34.999,0.0,5.97,0.0,AUTO,45.0000001,11.0020087
111974,45.0000001,11.0020447,34.999,0.0,5.97,0.0,AUTO,45.0000001,11.0020277
112224,45.0000001,11.0020637,34.999,0.0,5.98,0.0,AUTO,45.0000001,11.0020467
112474,45.0000001,11.0020827,34.999,0.0,5.98,0.0,AUTO,45.0000001,11.0020657
112724,45.0000001,11.0021017,34.999,0.0,5.98,0.0,AUTO,45.0000001,11.0020847
112974,45.0000001,11.0021208,34.999,0.0,5.98,0.0,AUTO,45.0000001,11.0021037
113224,45.0000001,11.0021399,34.999,0.0,5.98,0.0,AUTO,45.0000001,11.0021229
113474,45.0000001,11.002159,35.0,0.0,5.98,0.0,AUTO,45.0000001,11.0021419
113724,45.0000001,11.002178,35.0,0.0,5.98,0.0,AUTO,45.0000002,11.0021609
113974,45.0000001,11.002197,35.0,0.0,5.98,0.0,AUTO,45.0000002,11.0021801
114224,45.0000001,11.0022161,35.001,0.0,5.98,0.0,AUTO,45.0000002,11.0021991
114474,45.0000001,11.0022351,35.001,0.0,5.98,0.0,AUTO,45.0000002,11.0022181
114724,45.0000001,11.0022542,35.001,0.0,5.98,0.0,AUTO,45.0000002,11.0022372
114974,45.0000001,11.0022733,35.001,-0.01,5.98,0.0,AUTO,45.0000002,11.0022562
115224,45.0000001,11.0022924,35.001,-0.01,5.98,0.0,AUTO,45.0000002,11.0022754
115474,45.0000001,11.0023115,35.001,-0.01,5.98,0.0,AUTO,45.0000002,11.0022944
115724,45.0000001,11.0023305,35.0,-0.01,5.98,0.0,AUTO,45.0000002,11.0023134
115974,45.0000001,11.0023496,35.0,-0.01,5.98,0.0,AUTO,45.0000002,11.0023325
116224,45.0000001,11.0023686,34.999,-0.01,5.98,0.0,AUTO,45.0000002,11.0023515
116474,45.0000001,11.0023877,34.999,-0.01,5.98,0.0,AUTO,45.0000002,11.0023705
116724,45.0000001,11.0024067,34.999,-0.01,5.97,0.0,AUTO,45.0000002,11.0023895
116974,45.0000001,11.0024256,34.999,-0.01,5.97,0.0,AUTO,45.0000002,11.0024085
117224,45.0000001,11.0024446,34.999,-0.01,5.98,0.0,AUTO,45.0000002,11.0024275
117474,45.0000001,11.0024636,34.999,-0.01,5.98,0.0,AUTO,45.0000002,11.0024467
117724,45.0000001,11.0024826,34.999,-0.01,5.99,0.0,AUTO,45.0000002,11.0024658
117974,45.0000001,11.0025016,35.0,-0.01,5.99,0.0,AUTO,45.0000002,11.0024848
118224,45.0000001,11.0025207,35.0,-0.01,6.0,0.0,AUTO,45.0000002,11.002504
118474,45.0000001,11.0025398,35.0,-0.01,6.0,0.0,AUTO,45.0000002,11.0025231
118724,45.0000001,11.0025589,35.001,-0.01,6.0,0.0,AUTO,45.0000002,11.0025423
118974,45.0000001,11.002578,35.001,-0.01,6.0,0.0,AUTO,45.0000002,11.0025614
119224,45.0000001,11.0025971,35.001,-0.01,5.99,0.0,AUTO,45.0000002,11.0025804
119474,45.0000001,11.0026163,35.001,-0.01,5.99,0.0,AUTO,45.0000002,11.0025997
119724,45.0000001,11.0026354,35.001,-0.01,5.99,0.0,AUTO,45.0000002,11.0026187
119974,45.0000001,11.0026545,35.001,-0.01,5.98,0.0,AUTO,45.0000002,11.0026379
120224,45.0000001,11.0026735,35.001,-0.01,5.98,0.0,AUTO,45.0000002,11.0026569
120474,45.0000001,11.0026926,35.001,-0.01,5.98,0.0,AUTO,45.0000002,11.002676
120724,45.0000001,11.0027117,35.001,-0.01,5.98,0.0,AUTO,45.0000002,11.002695
120974,45.0000001,11.0027307,35.0,-0.01,5.97,0.0,AUTO,45.0000002,11.0027141
121224,45.0000001,11.0027497,35.0,-0.01,5.97,0.0,AUTO,45.0000002,11.0027332
121474,45.0000001,11.0027689,34.999,-0.01,5.97,0.0,AUTO,45.0000002,11.0027522
121724,45.0000001,11.0027879,34.999,-0.01,5.97,0.0,AUTO,45.0000002,11.0027712
121974,45.0000001,11.0028069,34.999,-0.01,5.97,0.0,AUTO,45.0000002,11.0027902
122224,45.0000001,11.0028259,34.999,-0.01,5.97,0.0,AUTO,45.0000002,11.0028092
122474,45.0000001,11.0028449,34.999,-0.01,5.97,0.0,AUTO,45.0000002,11.0028282
122724,45.0000001,11.0028639,34.999,-0.01,5.98,0.0,AUTO,45.0000002,11.0028472
122974,45.0000001,11.0028829,34.999,-0.01,5.98,0.0,AUTO,45.0000002,11.0028662
123224,45.0000001,11.002902,34.999,-0.01,5.98,0.0,AUTO,45.0000002,11.0028852
123474,45.0000001,11.0029211,35.0,-0.01,5.98,0.0,AUTO,45.0000002,11.0029044
123724,45.0000001,11.0029402,35.0,-0.01,5.98,0.0,AUTO,45.0000002,11.0029235
123974,45.0000001,11.0029593,35.0,-0.01,5.98,0.0,AUTO,45.0000002,11.0029425
124224,45.0000001,11.0029783,35.001,-0.01,5.98,0.0,AUTO,45.0000002,11.0029615
124474,45.0000001,11.0029973,35.001,-0.01,5.98,0.0,AUTO,45.0000002,11.0029805
124724,45.0000001,11.003021,35.001,-0.01,5.91,0.0,AUTO,45.0000002,11.0029995
124974,45.0000001,11.0030395,35.001,-0.01,5.79,0.0,AUTO,45.0000002,11.0030185
125224,45.0000001,11.0030578,35.001,-0.02,5.74,0.0,AUTO,45.0000001,11.0030372
125474,45.0000001,11.003076,35.0,-0.01,5.74,0.0,AUTO,45.0000001,11.0030556
125724,45.0000001,11.0030943,35.0,-0.01,5.77,0.0,AUTO,45.0000001,11.0030738
125974,45.0,11.0031127,34.999,-0.01,5.81,0.0,AUTO,45.0000001,11.0030922
126224,45.0,11.0031311,34.999,0.0,5.85,0.0,AUTO,45.0000001,11.0031106
126474,45.0,11.0031497,34.999,0.0,5.89,0.0,AUTO,45.0000001,11.0031293
126724,45.0,11.0031684,34.999,0.0,5.93,0.0,AUTO,45.0000001,11.003148
126974,45.0,11.0031873,35.0,0.0,5.96,0.0,AUTO,45.0000001,11.003167
127224,45.0,11.0032061,35.0,0.0,5.98,0.0,AUTO,45.0000002,11.003186
127474,45.0,11.0032251,35.001,0.0,6.0,0.0,AUTO,45.0000004,11.003205
127724,45.0,11.0032441,35.001,0.0,6.01,0.0,AUTO,45.0000005,11.0032243
127974,45.0,11.003263,35.001,0.0,6.02,0.0,AUTO,45.0000006,11.0032436
128224,45.0,11.003282,35.001,0.0,6.03,0.0,AUTO,45.0000007,11.0032629
128474,45.0,11.003301,35.001,0.0,6.04,0.0,AUTO,45.0000007,11.0032824
128724,45.0,11.00332,35.001,0.0,6.04,0.0,AUTO,45.0000008,11.0033019
128974,45.0,11.003339,35.001,0.0,6.05,0.0,AUTO,45.000001,11.0033213
129224,45.0,11.003358,35.0,0.0,6.05,0.0,AUTO,45.0000012,11.0033409
129474,45.0,11.0033771,34.999,0.0,6.05,0.0,AUTO,45.0000013,11.0033605
129724,45.0,11.0033962,34.999,0.0,6.05,0.0,AUTO,45.0000013,11.0033801
129974,45.0,11.0034152,34.999,0.0,6.05,0.0,AUTO,45.0000016,11.0033999
130224,45.0000001,11.0034342,34.999,-0.01,6.05,0.0,AUTO,45.0000017,11.0034195
130474,45.0000001,11.0034532,34.999,-0.01,6.05,0.0,AUTO,45.0000019,11.0034393
130724,45.0000001,11.0034722,34.999,-0.01,6.06,0.0,AUTO,45.0000019,11.003459
130974,45.0,11.0034911,34.999,-0.01,6.06,0.0,AUTO,45.0000022,11.0034789
131224,44.9999998,11.0035095,34.999,-0.01,6.06,0.0,AUTO,45.0000023,11.0034987
131474,44.9999993,11.003527,34.999,0.0,6.08,0.0,AUTO,45.0000025,11.0035188
131724,44.9999986,11.0035438,34.998,0.02,6.14,0.0,AUTO,45.0000026,11.0035388
131974,44.9999976,11.0035599,34.998,0.07,6.24,0.0,AUTO,45.000003,11.0035592
132224,44.9999967,11.0035756,34.998,0.14,6.38,0.0,AUTO,45.0000035,11.0035802
132474,44.9999957,11.0035907,34.999,0.23,6.56,0.0,AUTO,45.0000042,11.0036016
132724,44.9999946,11.0036055,34.999,0.33,6.76,0.0,AUTO,45.000005,11.0036238
132974,44.9999933,11.0036198,34.999,0.44,7.0,0.0,AUTO,45.0000063,11.0036472
133224,44.9999923,11.0036343,35.0,0.56,7.22,0.0,AUTO,45.000008,11.0036715
133474,44.9999911,11.0036479,35.001,0.68,7.37,0.0,AUTO,45.0000099,11.0036972
133724,44.99999,11.0036613,35.002,0.79,7.46,0.0,AUTO,45.0000124,11.0037238
133974,44.9999886,11.0036734,35.003,0.89,7.48,0.0,AUTO,45.0000153,11.0037516
134224,44.9999874,11.0036849,35.004,0.97,7.44,0.0,AUTO,45.0000186,11.0037802
134474,44.9999862,11.0036955,35.003,1.03,7.37,0.0,AUTO,45.0000221,11.0038094
134724,44.9999845,11.0037038,35.003,1.09,7.23,0.0,AUTO,45.0000262,11.0038392
134974,44.9999824,11.0037104,35.002,1.15,7.05,0.0,AUTO,45.0000305,11.0038693
135224,44.9999808,11.0037167,34.999,1.21,6.86,0.0,AUTO,45.0000353,11.0039
135474,44.9999788,11.0037213,34.996,1.26,6.64,0.0,AUTO,45.0000403,11.003931
135724,44.9999766,11.0037244,34.992,1.31,6.38,0.0,AUTO,45.0000458,11.0039623
135974,44.999974,11.0037257,34.986,1.35,6.11,0.0,AUTO,45.0000517,11.0039939
136224,44.9999717,11.0037262,34.98,1.36,5.83,0.0,AUTO,45.0000579,11.0040257
136474,44.9999692,11.0037259,34.972,1.35,5.55,-0.01,AUTO,45.0000646,11.0040576
136724,44.999966,11.003723,34.965,1.32,5.23,-0.02,AUTO,45.0000716,11.0040899
136974,44.9999623,11.0037186,34.958,1.3,4.9,-0.02,AUTO,45.0000789,11.0041222
137224,44.9999589,11.0037137,34.95,1.28,4.57,-0.03,AUTO,45.0000864,11.0041549
137474,44.9999552,11.0037076,34.942,1.26,4.22,-0.03,AUTO,45.0000943,11.0041876
137724,44.9999512,11.0037001,34.933,1.24,3.87,-0.04,AUTO,45.0001026,11.0042206
137974,44.9999467,11.003691,34.925,1.22,3.49,-0.05,AUTO,45.0001111,11.0042536
138224,44.9999425,11.0036816,34.917,1.2,3.12,-0.06,AUTO,45.00012,11.004287
138474,44.9999387,11.0036727,34.907,1.18,2.77,-0.06,AUTO,45.0001295,11.0043203
138724,44.9999348,11.0036632,34.899,1.15,2.42,-0.07,AUTO,45.0001392,11.0043537
138974,44.9999316,11.0036547,34.89,1.13,2.08,-0.08,AUTO,45.0001492,11.0043873
139224,44.9999291,11.0036478,34.882,1.11,1.78,-0.09,AUTO,45.0001598,11.0044211
139474,44.9999273,11.0036419,34.875,1.08,1.49,-0.1,AUTO,45.0001706,11.004455
139724,44.9999259,11.0036372,34.869,1.05,1.23,-0.1,AUTO,45.0001817,11.004489
139974,44.9999251,11.0036334,34.865,1.01,0.98,-0.11,AUTO,45.0001931,11.0045231
140224,44.9999249,11.0036311,34.863,0.98,0.76,-0.11,AUTO,45.0002049,11.0045574
140474,44.9999251,11.0036297,34.862,0.94,0.55,-0.12,AUTO,45.0002167,11.0045919
140724,44.9999227,11.0036194,34.865,0.85,0.23,-0.12,AUTO,45.000229,11.0046264
140974,44.9999193,11.0036052,34.868,0.77,-0.13,-0.11,AUTO,45.0002414,11.0046611
141224,44.9999161,11.0035909,34.872,0.71,-0.5,-0.11,AUTO,45.000254,11.0046959
141474,44.9999132,11.0035767,34.875,0.66,-0.86,-0.11,AUTO,45.000267,11.0047307
141724,44.999911,11.0035641,34.88,0.61,-1.19,-0.1,AUTO,45.0002802,11.0047655
141974,44.9999094,11.0035525,34.886,0.56,-1.5,-0.1,AUTO,45.0002937,11.0048003
142224,44.9999086,11.0035427,34.894,0.51,-1.77,-0.09,AUTO,45.0003076,11.0048351
142474,44.9999082,11.0035341,34.904,0.46,-2.03,-0.09,AUTO,45.0003217,11.0048701
142724,44.9999086,11.0035271,34.914,0.41,-2.25,-0.08,AUTO,45.000336,11.0049051
142974,44.9999095,11.0035215,34.927,0.36,-2.46,-0.07,AUTO,45.0003506,11.0049402
143224,44.999911,11.0035173,34.94,0.31,-2.64,-0.06,AUTO,45.0003654,11.0049751
143474,44.9999123,11.0035111,34.953,0.25,-2.83,-0.05,AUTO,45.0003802,11.0050103
143724,44.9999145,11.0035087,34.969,0.2,-2.98,-0.04,AUTO,45.0003953,11.0050454
143974,44.9999176,11.0035089,34.985,0.15,-3.08,-0.02,AUTO,45.0004105,11.0050806
144224,44.9999213,11.0035112,35.002,0.1,-3.16,-0.01,AUTO,45.0004258,11.0051157
144474,44.9999255,11.0035148,35.019,0.05,-3.22,0.0,AUTO,45.0004413,11.005151
144724,44.9999254,11.0035082,35.031,-0.06,-3.41,0.01,AUTO,45.0004567,11.0051864
144974,44.9999235,11.0034971,35.04,-0.15,-3.67,0.03,AUTO,45.000472,11.0052217
145224,44.9999216,11.0034855,35.051,-0.21,-3.96,0.04,AUTO,45.0004877,11.0052568
145474,44.9999202,11.0034746,35.062,-0.24,-4.23,0.05,AUTO,45.0005034,11.0052919
145724,44.9999194,11.003465,35.075,-0.27,-4.47,0.06,AUTO,45.0005194,11.0053269
145974,44.9999195,11.0034571,35.09,-0.3,-4.68,0.07,AUTO,45.0005357,11.0053617
146224,44.9999203,11.0034504,35.107,-0.34,-4.86,0.08,AUTO,45.0005522,11.0053962
146474,44.9999217,11.0034454,35.124,-0.37,-5.0,0.1,AUTO,45.0005691,11.0054307
146724,44.999924,11.0034422,35.143,-0.41,-5.11,0.11,AUTO,45.000586,11.0054649
146974,44.9999271,11.0034412,35.159,-0.45,-5.18,0.13,AUTO,45.000603,11.0054991
147224,44.9999306,11.003441,35.177,-0.5,-5.23,0.14,AUTO,45.0006201,11.0055333
147474,44.9999349,11.0034433,35.192,-0.55,-5.24,0.16,AUTO,45.0006373,11.0055674
147724,44.9999393,11.0034458,35.208,-0.6,-5.25,0.17,AUTO,45.0006544,11.0056014
147974,44.9999448,11.0034516,35.221,-0.65,-5.2,0.19,AUTO,45.0006717,11.0056353
148224,44.9999504,11.0034578,35.233,-0.7,-5.14,0.2,AUTO,45.0006889,11.0056692
148474,44.9999565,11.0034658,35.245,-0.76,-5.05,0.21,AUTO,45.0007059,11.0057031
148724,44.9999631,11.0034756,35.257,-0.82,-4.94,0.22,AUTO,45.0007229,11.0057373
148974,44.9999704,11.0034881,35.268,-0.88,-4.79,0.23,AUTO,45.0007398,11.0057713
149224,44.9999774,11.0035005,35.276,-0.95,-4.64,0.24,AUTO,45.0007564,11.0058052
149474,44.9999845,11.0035137,35.283,-1.02,-4.48,0.25,AUTO,45.0007728,11.0058394
149724,44.9999927,11.0035306,35.29,-1.1,-4.26,0.25,AUTO,45.000789,11.0058735
149974,45.0000012,11.0035498,35.295,-1.2,-4.02,0.26,AUTO,45.0008049,11.0059077
150224,45.0000092,11.0035686,35.298,-1.31,-3.78,0.26,AUTO,45.0008203,11.0059419
150474,45.0000105,11.0035691,35.284,-1.5,-3.76,0.27,AUTO,45.0008355,11.0059763
150724,45.0000163,11.0035836,35.282,-1.53,-3.6,0.26,AUTO,45.0008504,11.0060109
150974,45.0000251,11.0036069,35.289,-1.58,-3.31,0.25,AUTO,45.0008648,11.0060454
151224,45.0000345,11.0036332,35.297,-1.7,-2.97,0.25,AUTO,45.0008792,11.0060798
151474,45.000044,11.003662,35.303,-1.87,-2.6,0.25,AUTO,45.000893,11.0061143
151724,45.0000534,11.0036928,35.307,-2.11,-2.22,0.26,AUTO,45.000906,11.0061489
151974,45.0000626,11.0037257,35.309,-2.41,-1.83,0.26,AUTO,45.0009185,11.0061837
152224,45.0000622,11.0037348,35.286,-2.82,-1.74,0.27,AUTO,45.0009298,11.0062184
152474,45.0000669,11.0037602,35.279,-2.99,-1.45,0.26,AUTO,45.0009402,11.0062532
152724,45.0000742,11.0037947,35.281,-3.24,-1.07,0.24,AUTO,45.0009499,11.006288
152974,45.0000821,11.003834,35.288,-3.68,-0.7,0.23,AUTO,45.0009589,11.0063225
153224,45.0000887,11.0038735,35.293,-4.25,-0.42,0.23,AUTO,45.0009666,11.006357
153474,45.000094,11.003914,35.294,-4.85,-0.17,0.24,AUTO,45.0009727,11.0063909
153724,45.000098,11.0039549,35.29,-5.32,0.12,0.26,AUTO,45.000977,11.0064242
153974,45.0001014,11.0039972,35.282,-5.5,0.53,0.27,AUTO,45.0009797,11.0064567
154224,45.0001045,11.0040389,35.271,-5.39,0.98,0.27,AUTO,45.0009813,11.0064887
154474,45.0001073,11.0040799,35.26,-5.08,1.37,0.24,AUTO,45.0009822,11.0065206
154724,45.0001121,11.0041239,35.255,-4.65,1.55,0.22,AUTO,45.0009833,11.0065525
154974,45.0001176,11.0041675,35.25,-4.22,1.57,0.22,AUTO,45.0009846,11.0065841
155224,45.0001231,11.0042078,35.239,-3.84,1.54,0.22,AUTO,45.0009867,11.0066144
155474,45.0001204,11.0042262,35.204,-3.65,1.3,0.22,AUTO,45.0009891,11.0066431
155724,45.0001238,11.0042579,35.186,-3.38,1.33,0.19,AUTO,45.0009918,11.0066706
155974,45.0001307,11.0042971,35.181,-3.13,1.42,0.17,AUTO,45.0009948,11.0066969
156224,45.0001389,11.0043381,35.177,-2.93,1.5,0.16,AUTO,45.0009982,11.0067221
156474,45.0001474,11.0043793,35.17,-2.79,1.55,0.16,AUTO,45.0010015,11.006746
156724,45.0001552,11.0044181,35.157,-2.69,1.58,0.16,AUTO,45.0010045,11.0067685
156974,45.0001638,11.0044581,35.142,-2.61,1.61,0.15,AUTO,45.0010076,11.0067896
157224,45.0001715,11.0044951,35.124,-2.57,1.62,0.13,AUTO,45.0010103,11.0068092
157474,45.0001789,11.0045315,35.105,-2.54,1.63,0.12,AUTO,45.0010126,11.0068272
157724,45.0001863,11.0045671,35.084,-2.52,1.64,0.1,AUTO,45.0010147,11.0068437
157974,45.0001938,11.0046026,35.064,-2.51,1.64,0.09,AUTO,45.0010161,11.0068588
158224,45.0002002,11.004635,35.038,-2.51,1.62,0.07,AUTO,45.0010173,11.0068723
158474,45.0001987,11.0046493,34.993,-2.63,1.43,0.05,AUTO,45.0010179,11.0068843
158724,45.0002018,11.0046737,34.966,-2.62,1.43,0.01,AUTO,45.0010182,11.0068947
158974,45.0002072,11.0047028,34.95,-2.58,1.48,-0.01,AUTO,45.0010179,11.0069038
159224,45.0002134,11.0047329,34.935,-2.56,1.52,-0.03,AUTO,45.0010174,11.0069115
159474,45.0002119,11.0047464,34.9,-2.66,1.36,-0.05,AUTO,45.0010164,11.0069179
159724,45.000215,11.0047691,34.878,-2.64,1.37,-0.08,AUTO,45.0010149,11.0069229
159974,45.0002205,11.0047969,34.867,-2.6,1.41,-0.11,AUTO,45.0010129,11.0069264
160224,45.0002259,11.0048235,34.85,-2.59,1.42,-0.13,AUTO,45.0010105,11.0069287
160474,45.0002316,11.0048505,34.837,-2.59,1.42,-0.14,AUTO,45.0010076,11.0069293
160724,45.0002362,11.0048748,34.816,-2.61,1.39,-0.16,AUTO,45.0010043,11.0069287
160974,45.0002409,11.0048987,34.789,-2.63,1.37,-0.17,AUTO,45.0010003,11.0069264
161224,45.0002382,11.0049085,34.74,-2.75,1.22,-0.2,AUTO,45.0009958,11.0069225
161474,45.000239,11.0049243,34.703,-2.76,1.22,-0.24,AUTO,45.0009907,11.006917
161724,45.0002415,11.0049425,34.673,-2.74,1.26,-0.28,AUTO,45.0009851,11.0069103
161974,45.0002444,11.004961,34.645,-2.74,1.3,-0.31,AUTO,45.0009793,11.0069021
162224,45.0002466,11.0049777,34.614,-2.76,1.33,-0.34,AUTO,45.0009728,11.0068928
162474,45.0002484,11.0049934,34.583,-2.79,1.35,-0.37,AUTO,45.0009659,11.0068824
162724,45.0002494,11.0050075,34.551,-2.81,1.37,-0.39,AUTO,45.0009583,11.0068705
162974,45.0002504,11.005021,34.519,-2.85,1.4,-0.42,AUTO,45.0009504,11.0068574
163224,45.0002504,11.0050324,34.486,-2.89,1.41,-0.45,AUTO,45.0009419,11.0068431
163474,45.00025,11.0050428,34.455,-2.92,1.44,-0.48,AUTO,45.0009328,11.0068276
163724,45.0002487,11.0050514,34.424,-2.97,1.46,-0.51,AUTO,45.0009235,11.0068112
163974,45.000247,11.0050591,34.397,-3.0,1.48,-0.54,AUTO,45.0009134,11.0067934
164224,45.0002415,11.0050636,34.367,-3.08,1.48,-0.56,AUTO,45.000903,11.0067747
164474,45.0002375,11.0050679,34.342,-3.11,1.49,-0.59,AUTO,45.0008921,11.0067551
164724,45.0002341,11.0050714,34.323,-3.12,1.52,-0.61,AUTO,45.000881,11.0067343
164974,45.0002306,11.005074,34.306,-3.15,1.54,-0.63,AUTO,45.0008695,11.0067127
165224,45.0002266,11.0050754,34.293,-3.18,1.57,-0.65,AUTO,45.0008574,11.0066899
165474,45.0002221,11.0050756,34.283,-3.23,1.6,-0.66,AUTO,45.0008452,11.0066665
165724,45.0002171,11.0050747,34.275,-3.28,1.62,-0.67,AUTO,45.0008325,11.0066423
165974,45.0002116,11.0050726,34.271,-3.33,1.65,-0.67,AUTO,45.0008194,11.0066171
166224,45.0002055,11.0050696,34.27,-3.39,1.68,-0.68,AUTO,45.0008058,11.0065914
166474,45.0001988,11.0050659,34.273,-3.46,1.72,-0.68,AUTO,45.0007921,11.006565
166724,45.0001917,11.0050606,34.28,-3.52,1.75,-0.68,AUTO,45.0007778,11.0065378
166974,45.000184,11.0050543,34.29,-3.6,1.79,-0.67,AUTO,45.0007632,11.0065101
167224,45.0001757,11.0050474,34.302,-3.69,1.85,-0.66,AUTO,45.0007483,11.0064817
167474,45.000167,11.0050478,34.318,-3.77,1.97,-0.65,AUTO,45.0007328,11.0064529
167724,45.0001577,11.005042,34.336,-3.84,1.99,-0.63,AUTO,45.0007171,11.0064236
167974,45.0001479,11.0050323,34.358,-3.93,2.02,-0.62,AUTO,45.0007011,11.006394
168224,45.0001375,11.0050211,34.383,-4.05,2.09,-0.6,AUTO,45.0006847,11.0063637
168474,45.0001265,11.0050097,34.411,-4.19,2.21,-0.58,AUTO,45.0006681,11.0063333
168724,45.0001124,11.0049839,34.437,-4.43,2.28,-0.57,AUTO,45.0006508,11.0063028
168974,45.0000963,11.0049537,34.481,-4.78,2.61,-0.56,AUTO,45.0006332,11.0062724
169224,45.0000792,11.0049253,34.528,-5.19,3.34,-0.54,AUTO,45.0006149,11.006243
169474,45.000061,11.0048995,34.588,-5.42,4.64,-0.52,AUTO,45.0005959,11.0062155
169724,45.000043,11.0048783,34.65,-4.98,6.26,-0.45,AUTO,45.0005762,11.0061916
169974,45.0000265,11.0048612,34.716,-4.03,7.75,-0.38,AUTO,45.0005569,11.0061731
170224,45.0000129,11.0048507,34.789,-2.92,9.02,-0.31,AUTO,45.0005394,11.0061599
170474,45.0000015,11.0048423,34.877,-1.89,10.07,-0.25,AUTO,45.0005246,11.0061512
170724,44.9999923,11.0048388,34.979,-1.08,10.8,-0.17,AUTO,45.0005122,11.0061468
170974,44.9999843,11.0048353,35.091,-0.45,11.24,-0.07,AUTO,45.0005022,11.0061454
171224,44.9999777,11.0048349,35.208,0.02,11.5,0.03,AUTO,45.0004938,11.0061465
171474,44.9999716,11.0048334,35.325,0.4,11.64,0.15,AUTO,45.0004869,11.0061492
171724,44.9999666,11.0048344,35.438,0.69,11.71,0.26,AUTO,45.0004809,11.0061532
171974,44.9999616,11.004834,35.543,0.91,11.73,0.38,AUTO,45.0004757,11.0061582
172224,44.9999574,11.0048358,35.639,1.09,11.73,0.48,AUTO,45.0004713,11.0061638
172474,44.9999536,11.0048372,35.72,1.23,11.7,0.57,AUTO,45.0004675,11.0061704
172724,44.99995,11.0048385,35.795,1.34,11.67,0.66,AUTO,45.000464,11.0061775
172974,44.9999465,11.0048389,35.853,1.42,11.64,0.73,AUTO,45.000461,11.0061854
173224,44.9999434,11.0048417,35.899,1.49,11.62,0.79,AUTO,45.0004584,11.0061939
173474,44.9999407,11.0048449,35.929,1.54,11.59,0.84,AUTO,45.000456,11.0062032
173724,44.9999378,11.0048471,35.958,1.57,11.55,0.87,AUTO,45.0004538,11.0062132
173974,44.9999349,11.0048487,35.972,1.6,11.52,0.9,AUTO,45.0004519,11.0062239
174224,44.9999325,11.0048534,35.978,1.63,11.51,0.91,AUTO,45.0004503,11.0062353
174474,44.9999301,11.004857,35.974,1.65,11.47,0.92,AUTO,45.0004488,11.0062474
174724,44.9999277,11.004861,35.97,1.66,11.45,0.92,AUTO,45.0004476,11.0062602
174974,44.9999253,11.0048645,35.952,1.68,11.42,0.92,AUTO,45.0004465,11.006274
175224,44.9999232,11.0048704,35.929,1.69,11.41,0.9,AUTO,45.0004458,11.0062883
175474,44.9999216,11.0048774,35.907,1.71,11.39,0.88,AUTO,45.0004451,11.0063035
175724,44.9999195,11.0048825,35.891,1.71,11.35,0.86,AUTO,45.0004446,11.0063196
175974,44.9999174,11.0048874,35.872,1.72,11.32,0.84,AUTO,45.0004445,11.0063364
176224,44.9999157,11.004895,35.845,1.73,11.31,0.82,AUTO,45.0004445,11.006354
176474,44.9999141,11.0049016,35.819,1.74,11.28,0.8,AUTO,45.0004446,11.0063724
176724,44.9999127,11.0049104,35.788,1.76,11.27,0.78,AUTO,45.0004451,11.0063917
176974,44.9999113,11.0049182,35.759,1.76,11.25,0.75,AUTO,45.0004458,11.0064116
177224,44.9999101,11.0049281,35.727,1.78,11.23,0.72,AUTO,45.0004467,11.0064326
177474,44.9999092,11.0049379,35.696,1.78,11.21,0.69,AUTO,45.0004479,11.0064543
177724,44.9999082,11.0049481,35.666,1.79,11.19,0.66,AUTO,45.0004493,11.006477
177974,44.9999074,11.0049586,35.638,1.8,11.17,0.64,AUTO,45.0004509,11.0065004
178224,44.9999066,11.0049697,35.61,1.81,11.15,0.61,AUTO,45.0004528,11.0065247
178474,44.999906,11.0049814,35.582,1.81,11.13,0.58,AUTO,45.0004549,11.0065498
178724,44.9999056,11.0049937,35.555,1.82,11.1,0.56,AUTO,45.0004572,11.0065756
178974,44.9999053,11.0050061,35.529,1.83,11.06,0.53,AUTO,45.0004597,11.0066025
179224,44.9999051,11.0050198,35.503,1.83,10.99,0.51,AUTO,45.0004627,11.0066302
179474,44.9999052,11.0050336,35.479,1.84,10.89,0.48,AUTO,45.0004658,11.0066586
179724,44.9999054,11.0050477,35.455,1.84,10.77,0.46,AUTO,45.000469,11.0066876
179974,44.9999056,11.0050618,35.433,1.84,10.61,0.44,AUTO,45.0004726,11.0067173
180224,44.9999061,11.0050766,35.41,1.84,10.45,0.42,AUTO,45.0004765,11.0067474
180474,44.9999067,11.0050911,35.388,1.83,10.28,0.39,AUTO,45.0004805,11.0067779
180724,44.9999075,11.0051064,35.367,1.83,10.1,0.37,AUTO,45.0004848,11.0068086
180974,44.9999084,11.0051212,35.348,1.82,9.9,0.35,AUTO,45.0004894,11.0068398
181224,44.9999096,11.0051368,35.329,1.82,9.71,0.34,AUTO,45.0004942,11.0068714
181474,44.9999108,11.0051522,35.311,1.81,9.51,0.32,AUTO,45.0004991,11.006903
181724,44.9999122,11.0051677,35.294,1.8,9.31,0.3,AUTO,45.0005042,11.0069351
181974,44.9999137,11.0051832,35.279,1.78,9.1,0.29,AUTO,45.0005097,11.0069673
182224,44.9999154,11.0051991,35.265,1.77,8.9,0.27,AUTO,45.0005154,11.0069997
182474,44.9999173,11.0052151,35.252,1.76,8.7,0.26,AUTO,45.0005212,11.0070325
182724,44.9999193,11.0052312,35.241,1.74,8.5,0.25,AUTO,45.0005272,11.0070652
182974,44.9999214,11.0052472,35.23,1.73,8.29,0.24,AUTO,45.0005333,11.0070982
183224,44.9999237,11.0052635,35.224,1.71,8.09,0.22,AUTO,45.0005398,11.0071313
183474,44.9999255,11.005268,35.223,1.68,7.76,0.22,AUTO,45.0005464,11.0071646
183724,44.9999269,11.0052654,35.225,1.62,7.35,0.22,AUTO,45.0005532,11.0071981
183974,44.9999282,11.0052601,35.223,1.54,6.93,0.22,AUTO,45.0005601,11.0072318
184224,44.9999296,11.0052563,35.22,1.45,6.54,0.22,AUTO,45.0005672,11.0072656
184474,44.9999311,11.0052529,35.214,1.36,6.17,0.22,AUTO,45.0005742,11.0072995
184724,44.9999325,11.0052492,35.211,1.27,5.79,0.21,AUTO,45.0005814,11.0073335
184974,44.999934,11.0052456,35.205,1.19,5.43,0.21,AUTO,45.0005886,11.0073679
185224,44.9999357,11.0052442,35.202,1.11,5.09,0.2,AUTO,45.0005959,11.0074024
185474,44.9999375,11.0052432,35.199,1.04,4.76,0.2,AUTO,45.0006032,11.007437
185724,44.9999394,11.0052432,35.199,0.97,4.45,0.2,AUTO,45.0006106,11.007472
185974,44.9999414,11.005243,35.2,0.91,4.14,0.2,AUTO,45.0006182,11.0075071
186224,44.9999436,11.0052446,35.203,0.85,3.84,0.2,AUTO,45.0006257,11.0075425
186474,44.9999458,11.0052469,35.206,0.79,3.57,0.2,AUTO,45.0006332,11.0075779
186724,44.9999482,11.0052496,35.213,0.74,3.29,0.2,AUTO,45.0006409,11.0076135
186974,44.9999507,11.005253,35.218,0.68,3.03,0.21,AUTO,45.0006488,11.0076492
187224,44.9999535,11.0052577,35.227,0.63,2.79,0.21,AUTO,45.0006566,11.0076851
187474,44.9999564,11.005264,35.235,0.57,2.57,0.22,AUTO,45.0006644,11.0077211
187724,44.9999582,11.0052587,35.242,0.5,2.22,0.23,AUTO,45.0006723,11.0077573
187974,44.9999595,11.0052475,35.245,0.42,1.81,0.24,AUTO,45.0006803,11.0077936
188224,44.9999608,11.0052363,35.251,0.35,1.42,0.24,AUTO,45.0006883,11.0078301
188474,44.9999621,11.0052252,35.257,0.28,1.03,0.25,AUTO,45.0006963,11.0078666
188724,44.9999636,11.0052148,35.266,0.22,0.67,0.25,AUTO,45.0007043,11.0079032
188974,44.9999653,11.0052051,35.274,0.16,0.32,0.26,AUTO,45.0007125,11.00794
189224,44.9999671,11.0051977,35.287,0.11,0.0,0.27,AUTO,45.0007206,11.0079768
189474,44.9999691,11.0051909,35.298,0.05,-0.3,0.28,AUTO,45.0007289,11.008014
189724,44.9999714,11.0051854,35.306,0.0,-0.58,0.29,AUTO,45.000737,11.0080511
189974,44.9999723,11.0051824,35.32,-0.06,-0.83,0.29,AUTO,45.0007454,11.0080884
190224,44.9999745,11.0051802,35.335,-0.09,-1.08,0.3,AUTO,45.0007537,11.0081259
190474,44.9999774,11.0051789,35.351,-0.12,-1.3,0.32,AUTO,45.000762,11.0081633
190724,44.9999805,11.0051787,35.366,-0.17,-1.51,0.33,AUTO,45.0007704,11.0082009
190974,44.999984,11.0051801,35.38,-0.22,-1.7,0.34,AUTO,45.0007789,11.0082384
191224,44.9999876,11.0051825,35.394,-0.27,-1.87,0.36,AUTO,45.0007873,11.0082761
191474,44.9999911,11.0051863,35.406,-0.33,-2.02,0.37,AUTO,45.0007955,11.0083138
191724,44.9999949,11.0051914,35.417,-0.39,-2.15,0.38,AUTO,45.0008039,11.0083516
191974,44.9999969,11.0051841,35.417,-0.47,-2.42,0.39,AUTO,45.0008121,11.0083895
192224,44.9999981,11.0051723,35.414,-0.54,-2.74,0.4,AUTO,45.0008202,11.0084273
192474,44.9999992,11.0051594,35.412,-0.59,-3.05,0.4,AUTO,45.0008282,11.0084652
192724,45.0000004,11.0051474,35.413,-0.62,-3.35,0.4,AUTO,45.0008362,11.0085032
192974,45.0000019,11.0051367,35.417,-0.64,-3.62,0.4,AUTO,45.0008444,11.008541
193224,45.0000038,11.0051276,35.423,-0.67,-3.86,0.4,AUTO,45.0008525,11.0085789
193474,45.0000057,11.0051202,35.431,-0.7,-4.08,0.4,AUTO,45.0008605,11.0086169
193724,45.0000079,11.0051146,35.441,-0.73,-4.28,0.41,AUTO,45.0008688,11.0086549
193974,45.0000105,11.0051107,35.45,-0.76,-4.45,0.42,AUTO,45.0008769,11.0086929
194224,45.0000132,11.0051082,35.459,-0.79,-4.59,0.42,AUTO,45.0008851,11.0087311
194474,45.0000161,11.0051077,35.468,-0.82,-4.72,0.43,AUTO,45.0008932,11.0087692
194724,45.0000191,11.0051085,35.476,-0.86,-4.82,0.44,AUTO,45.0009012,11.0088072
194974,45.0000224,11.0051112,35.483,-0.9,-4.9,0.45,AUTO,45.0009092,11.0088452
195224,45.0000257,11.0051151,35.489,-0.94,-4.96,0.45,AUTO,45.0009171,11.0088832
195474,45.0000292,11.005121,35.494,-0.98,-5.0,0.46,AUTO,45.0009249,11.0089212
195724,45.0000327,11.0051279,35.498,-1.03,-5.02,0.46,AUTO,45.0009327,11.0089592
195974,45.0000365,11.0051368,35.502,-1.07,-5.02,0.46,AUTO,45.0009402,11.0089971
196224,45.0000403,11.0051467,35.504,-1.12,-5.01,0.47,AUTO,45.0009477,11.0090349
196474,45.0000437,11.0051571,35.504,-1.18,-4.98,0.47,AUTO,45.000955,11.0090728
196724,45.0000477,11.0051702,35.505,-1.23,-4.92,0.47,AUTO,45.000962,11.0091105
196974,45.0000518,11.005186,35.505,-1.29,-4.84,0.47,AUTO,45.0009688,11.009148
197224,45.0000558,11.0052018,35.503,-1.37,-4.75,0.47,AUTO,45.0009755,11.0091854
197474,45.0000592,11.0052175,35.499,-1.44,-4.66,0.46,AUTO,45.000982,11.0092229
197724,45.0000634,11.0052381,35.502,-1.52,-4.52,0.46,AUTO,45.0009881,11.00926
197974,45.0000626,11.0052366,35.478,-1.65,-4.62,0.46,AUTO,45.000994,11.0092971
198224,45.0000648,11.00525,35.472,-1.68,-4.54,0.45,AUTO,45.0009995,11.0093341
198474,45.0000683,11.0052714,35.471,-1.7,-4.35,0.43,AUTO,45.0010047,11.009371
198724,45.0000724,11.0052968,35.475,-1.77,-4.13,0.43,AUTO,45.00101,11.0094076
198974,45.0000769,11.0053261,35.476,-1.9,-3.89,0.43,AUTO,45.0010148,11.0094441
199224,45.0000806,11.0053542,35.473,-2.07,-3.67,0.43,AUTO,45.0010192,11.0094804
199474,45.0000839,11.0053839,35.465,-2.27,-3.43,0.42,AUTO,45.0010232,11.0095166
199724,45.0000867,11.0054148,35.456,-2.51,-3.2,0.42,AUTO,45.0010264,11.0095523
199974,45.000084,11.005421,35.419,-2.82,-3.24,0.42,AUTO,45.001029,11.0095878
200224,45.0000841,11.0054442,35.404,-2.96,-3.04,0.39,AUTO,45.0010308,11.0096227
200474,45.0000853,11.0054757,35.398,-3.12,-2.75,0.37,AUTO,45.0010322,11.0096575
200724,45.0000868,11.0055129,35.399,-3.42,-2.47,0.35,AUTO,45.0010329,11.0096923
200974,45.0000877,11.0055529,35.398,-3.88,-2.26,0.35,AUTO,45.0010328,11.0097265
201224,45.000087,11.0055903,35.39,-4.43,-2.11,0.36,AUTO,45.0010317,11.00976
201474,45.0000852,11.0056301,35.377,-4.93,-1.88,0.36,AUTO,45.0010292,11.0097925
201724,45.0000819,11.0056677,35.359,-5.19,-1.53,0.35,AUTO,45.0010252,11.0098241
201974,45.000079,11.0057085,35.343,-5.07,-1.04,0.33,AUTO,45.0010199,11.0098553
202224,45.0000762,11.0057477,35.326,-4.64,-0.58,0.31,AUTO,45.0010143,11.0098863
202474,45.0000694,11.0057621,35.286,-4.18,-0.44,0.3,AUTO,45.0010092,11.0099173
202724,45.0000669,11.005793,35.268,-3.67,-0.1,0.26,AUTO,45.0010047,11.0099486
202974,45.0000678,11.0058368,35.266,-3.13,0.33,0.24,AUTO,45.0010013,11.0099799
203224,45.0000695,11.0058808,35.261,-2.67,0.62,0.23,AUTO,45.0009988,11.0100111
203474,45.0000718,11.0059242,35.251,-2.28,0.79,0.23,AUTO,45.0009971,11.0100418
203724,45.0000753,11.0059707,35.239,-1.97,0.92,0.22,AUTO,45.000996,11.0100716
203974,45.0000794,11.0060175,35.222,-1.74,1.01,0.22,AUTO,45.0009955,11.0101005
204224,45.0000829,11.0060595,35.2,-1.58,1.05,0.21,AUTO,45.0009953,11.0101278
204474,45.0000867,11.0061025,35.179,-1.47,1.11,0.19,AUTO,45.0009953,11.0101538
204724,45.0000904,11.0061443,35.159,-1.4,1.16,0.17,AUTO,45.0009953,11.0101785
204974,45.0000943,11.0061866,35.141,-1.35,1.2,0.15,AUTO,45.0009952,11.0102016
205224,45.0000975,11.0062253,35.123,-1.33,1.21,0.14,AUTO,45.0009949,11.0102231
205474,45.0001007,11.0062635,35.107,-1.32,1.23,0.12,AUTO,45.0009946,11.0102431
205724,45.0001037,11.0063009,35.093,-1.31,1.25,0.1,AUTO,45.0009941,11.0102615
205974,45.0001067,11.0063385,35.08,-1.31,1.26,0.09,AUTO,45.0009931,11.0102783
206224,45.0001091,11.0063728,35.065,-1.31,1.24,0.09,AUTO,45.0009922,11.0102935
206474,45.0001116,11.0064072,35.05,-1.32,1.23,0.07,AUTO,45.0009909,11.0103072
206724,45.0001137,11.0064396,35.034,-1.32,1.21,0.06,AUTO,45.0009893,11.0103192
206974,45.0001124,11.006453,35.003,-1.37,1.0,0.05,AUTO,45.0009875,11.0103297
207224,45.0001129,11.0064761,34.986,-1.37,0.99,0.02,AUTO,45.0009854,11.0103385
207474,45.0001143,11.0065039,34.979,-1.35,1.03,0.0,AUTO,45.0009831,11.0103458
207724,45.0001162,11.0065348,34.975,-1.33,1.07,0.0,AUTO,45.0009807,11.0103517
207974,45.0001179,11.0065644,34.968,-1.33,1.05,-0.01,AUTO,45.0009779,11.010356
208224,45.0001194,11.0065925,34.959,-1.33,1.02,-0.02,AUTO,45.0009751,11.0103589
208474,45.000118,11.006604,34.932,-1.37,0.81,-0.03,AUTO,45.0009718,11.01036
208724,45.0001179,11.0066229,34.915,-1.37,0.78,-0.06,AUTO,45.0009686,11.0103593
208974,45.0001186,11.0066466,34.907,-1.36,0.8,-0.08,AUTO,45.000965,11.0103572
209224,45.0001193,11.0066697,34.898,-1.36,0.81,-0.09,AUTO,45.0009612,11.0103534
209474,45.0001199,11.0066919,34.887,-1.36,0.81,-0.1,AUTO,45.0009571,11.0103482
209724,45.0001202,11.0067127,34.872,-1.36,0.8,-0.11,AUTO,45.0009529,11.0103414
209974,45.0001203,11.0067322,34.856,-1.37,0.79,-0.12,AUTO,45.0009486,11.0103332
210224,45.0001201,11.00675,34.834,-1.38,0.78,-0.13,AUTO,45.0009438,11.0103233
210474,45.0001179,11.0067565,34.804,-1.41,0.68,-0.15,AUTO,45.000939,11.0103119
210724,45.0001165,11.0067675,34.781,-1.42,0.7,-0.18,AUTO,45.000934,11.010299
210974,45.0001155,11.0067807,34.768,-1.42,0.74,-0.2,AUTO,45.0009289,11.010285
211224,45.0001142,11.0067926,34.753,-1.42,0.77,-0.21,AUTO,45.0009236,11.0102697
211474,45.0001128,11.0068034,34.741,-1.43,0.79,-0.23,AUTO,45.0009181,11.0102531
211724,45.0001112,11.0068127,34.726,-1.43,0.8,-0.24,AUTO,45.0009125,11.0102353
211974,45.0001094,11.006821,34.716,-1.44,0.81,-0.25,AUTO,45.0009067,11.0102163
212224,45.0001072,11.0068276,34.703,-1.45,0.81,-0.26,AUTO,45.0009009,11.0101959
212474,45.000105,11.0068327,34.695,-1.46,0.82,-0.27,AUTO,45.0008949,11.0101745
212724,45.0001025,11.0068366,34.685,-1.46,0.82,-0.28,AUTO,45.0008889,11.010152
212974,45.0000999,11.0068392,34.68,-1.47,0.82,-0.29,AUTO,45.0008827,11.0101283
213224,45.0000959,11.0068282,34.667,-1.49,0.7,-0.29,AUTO,45.0008763,11.0101034
213474,45.0000915,11.006811,34.658,-1.52,0.58,-0.31,AUTO,45.0008701,11.0100775
213724,45.0000867,11.0067905,34.653,-1.56,0.51,-0.32,AUTO,45.0008636,11.0100508
213974,45.0000816,11.0067681,34.656,-1.6,0.47,-0.32,AUTO,45.0008573,11.0100234
214224,45.0000763,11.0067466,34.664,-1.64,0.45,-0.32,AUTO,45.0008507,11.0099956
214474,45.0000719,11.0067378,34.684,-1.68,0.57,-0.31,AUTO,45.0008443,11.0099675
214724,45.0000668,11.0067209,34.701,-1.73,0.55,-0.29,AUTO,45.0008378,11.0099392
214974,45.000061,11.0066973,34.722,-1.78,0.49,-0.28,AUTO,45.0008311,11.0099105
215224,45.0000551,11.0066737,34.747,-1.86,0.47,-0.26,AUTO,45.0008244,11.0098813
215474,45.0000489,11.0066495,34.776,-1.97,0.47,-0.24,AUTO,45.0008177,11.0098519
215724,45.0000423,11.0066242,34.808,-2.12,0.5,-0.22,AUTO,45.0008107,11.0098226
215974,45.0000352,11.0065983,34.843,-2.36,0.58,-0.19,AUTO,45.0008037,11.0097934
216224,45.0000276,11.0065747,34.883,-2.6,1.03,-0.18,AUTO,45.0007961,11.0097644
216474,45.0000209,11.0065691,34.926,-2.63,2.2,-0.12,AUTO,45.0007882,11.0097361
216724,45.0000137,11.0065575,34.966,-2.42,3.44,-0.06,AUTO,45.0007802,11.0097103
216974,45.0000069,11.0065435,35.01,-1.94,4.99,-0.03,AUTO,45.0007728,11.0096879
217224,45.0000014,11.0065343,35.068,-1.33,6.47,-0.01,AUTO,45.0007662,11.0096698
217474,44.9999967,11.0065156,35.152,-0.74,7.6,0.01,AUTO,45.0007614,11.0096566
217724,44.9999929,11.0064943,35.255,-0.24,8.5,0.08,AUTO,45.0007583,11.009648
217974,44.99999,11.0064728,35.365,0.08,9.27,0.18,AUTO,45.0007566,11.0096432
218224,44.9999878,11.0064567,35.473,0.28,9.94,0.29,AUTO,45.0007563,11.0096419
218474,44.999986,11.0064441,35.579,0.4,10.43,0.4,AUTO,45.0007565,11.0096439
218724,44.9999843,11.0064307,35.683,0.48,10.74,0.5,AUTO,45.0007575,11.0096487
218974,44.9999829,11.0064191,35.779,0.52,10.96,0.61,AUTO,45.0007588,11.0096559
219224,44.9999831,11.0064369,35.822,0.55,11.38,0.72,AUTO,45.0007604,11.0096648
219474,44.9999826,11.0064395,35.893,0.57,11.46,0.77,AUTO,45.0007623,11.0096756
219724,44.999982,11.0064345,35.978,0.58,11.42,0.83,AUTO,45.0007643,11.0096876
219974,44.9999814,11.0064266,36.057,0.57,11.36,0.9,AUTO,45.0007663,11.0097004
220224,44.9999809,11.0064203,36.117,0.56,11.34,0.98,AUTO,45.0007686,11.0097142
220474,44.9999803,11.0064138,36.158,0.54,11.32,1.04,AUTO,45.000771,11.0097291
220724,44.9999799,11.0064099,36.18,0.52,11.33,1.07,AUTO,45.0007734,11.0097449
220974,44.9999797,11.0064063,36.189,0.5,11.33,1.1,AUTO,45.0007759,11.0097621
221224,44.9999796,11.0064052,36.183,0.48,11.34,1.11,AUTO,45.0007784,11.0097802
221474,44.9999787,11.0063909,36.198,0.46,11.21,1.1,AUTO,45.0007811,11.0097995
221724,44.9999777,11.0063739,36.21,0.43,11.07,1.11,AUTO,45.0007838,11.00982
221974,44.9999766,11.0063548,36.212,0.41,10.89,1.12,AUTO,45.0007866,11.0098416
222224,44.9999757,11.0063383,36.193,0.39,10.68,1.12,AUTO,45.0007893,11.0098643
222474,44.9999747,11.0063225,36.158,0.37,10.45,1.11,AUTO,45.0007923,11.0098881
222724,44.9999742,11.006308,36.111,0.35,10.19,1.09,AUTO,45.0007954,11.0099129
222974,44.9999736,11.006295,36.054,0.34,9.92,1.05,AUTO,45.0007984,11.0099384
223224,44.9999733,11.0062833,35.99,0.32,9.65,1.0,AUTO,45.0008016,11.0099647
223474,44.9999731,11.0062745,35.92,0.3,9.38,0.94,AUTO,45.000805,11.0099919
223724,44.999973,11.0062641,35.856,0.29,9.08,0.88,AUTO,45.0008083,11.0100196
223974,44.999973,11.0062549,35.793,0.27,8.78,0.82,AUTO,45.0008118,11.0100477
224224,44.9999731,11.0062481,35.726,0.25,8.49,0.76,AUTO,45.0008154,11.0100765
224474,44.9999735,11.0062437,35.66,0.23,8.22,0.7,AUTO,45.0008191,11.0101056
224724,44.9999739,11.0062377,35.603,0.21,7.92,0.64,AUTO,45.0008228,11.0101354
224974,44.9999743,11.0062319,35.551,0.19,7.61,0.58,AUTO,45.0008267,11.0101655
225224,44.9999749,11.0062295,35.496,0.18,7.34,0.53,AUTO,45.0008306,11.0101959
225474,44.9999747,11.0062125,35.467,0.14,6.89,0.48,AUTO,45.0008346,11.0102266
225724,44.9999742,11.0061933,35.441,0.11,6.42,0.45,AUTO,45.0008386,11.010258
225974,44.9999736,11.0061703,35.416,0.09,5.91,0.43,AUTO,45.0008428,11.0102894
226224,44.9999732,11.0061499,35.383,0.07,5.43,0.4,AUTO,45.0008471,11.0103212
226474,44.9999732,11.0061527,35.315,0.06,5.23,0.37,AUTO,45.0008514,11.0103531
226724,44.9999732,11.0061421,35.275,0.05,4.87,0.32,AUTO,45.0008561,11.0103855
226974,44.9999734,11.006124,35.25,0.04,4.41,0.28,AUTO,45.0008606,11.010418
227224,44.9999736,11.0061065,35.227,0.02,3.97,0.25,AUTO,45.0008654,11.010451
227474,44.9999741,11.0060894,35.204,0.0,3.53,0.23,AUTO,45.0008703,11.0104843
227724,44.9999747,11.006072,35.182,-0.01,3.1,0.2,AUTO,45.0008755,11.0105179
227974,44.9999755,11.0060551,35.161,-0.03,2.69,0.18,AUTO,45.0008805,11.0105516
228224,44.9999765,11.0060414,35.142,-0.05,2.31,0.16,AUTO,45.0008859,11.0105857
228474,44.9999777,11.0060292,35.123,-0.07,1.96,0.15,AUTO,45.0008912,11.01062
228724,44.9999789,11.0060176,35.11,-0.09,1.61,0.13,AUTO,45.0008967,11.0106545
228974,44.9999804,11.0060068,35.1,-0.11,1.28,0.11,AUTO,45.0009022,11.0106895
229224,44.999982,11.0059984,35.094,-0.13,0.98,0.1,AUTO,45.0009078,11.0107246
229474,44.9999838,11.0059915,35.091,-0.15,0.7,0.1,AUTO,45.0009134,11.01076
229724,44.9999844,11.0059721,35.097,-0.19,0.27,0.1,AUTO,45.0009193,11.0107956
229974,44.9999847,11.005947,35.103,-0.22,-0.21,0.1,AUTO,45.000925,11.0108315
230224,44.9999848,11.0059228,35.11,-0.25,-0.67,0.11,AUTO,45.000931,11.0108675
230474,44.9999852,11.0058982,35.117,-0.27,-1.12,0.12,AUTO,45.000937,11.0109037
230724,44.9999857,11.0058763,35.126,-0.28,-1.54,0.12,AUTO,45.0009431,11.01094
230974,44.9999865,11.0058549,35.135,-0.3,-1.94,0.13,AUTO,45.0009492,11.0109766
231224,44.9999875,11.0058363,35.147,-0.32,-2.3,0.14,AUTO,45.0009556,11.0110134
231474,44.9999876,11.0058251,35.16,-0.34,-2.57,0.15,AUTO,45.000962,11.0110505
231724,44.9999886,11.005812,35.177,-0.35,-2.87,0.16,AUTO,45.0009685,11.0110876
231974,44.9999904,11.0057984,35.196,-0.36,-3.18,0.17,AUTO,45.0009752,11.011125
232224,44.9999925,11.0057862,35.216,-0.37,-3.46,0.19,AUTO,45.0009819,11.0111625
232474,44.9999948,11.0057757,35.237,-0.38,-3.71,0.21,AUTO,45.0009887,11.0112002
232724,44.9999973,11.0057667,35.259,-0.4,-3.95,0.22,AUTO,45.0009954,11.0112379
232974,45.0000003,11.0057596,35.281,-0.41,-4.16,0.24,AUTO,45.0010024,11.0112756
233224,45.0000031,11.0057539,35.303,-0.43,-4.36,0.26,AUTO,45.0010093,11.0113136
233474,45.000006,11.0057497,35.326,-0.45,-4.53,0.29,AUTO,45.0010161,11.0113516
233724,45.0000092,11.0057478,35.348,-0.47,-4.67,0.3,AUTO,45.0010231,11.0113896
233974,45.0000111,11.0057336,35.361,-0.51,-4.96,0.33,AUTO,45.00103,11.0114279
234224,45.0000123,11.0057153,35.372,-0.54,-5.28,0.35,AUTO,45.0010368,11.0114659
234474,45.0000136,11.0056962,35.382,-0.57,-5.59,0.36,AUTO,45.0010436,11.0115041
234724,45.0000148,11.0056782,35.394,-0.58,-5.88,0.37,AUTO,45.0010505,11.0115423
234974,45.0000164,11.005662,35.409,-0.59,-6.14,0.38,AUTO,45.0010574,11.0115804
235224,45.0000181,11.0056476,35.426,-0.6,-6.37,0.39,AUTO,45.0010644,11.0116187
235474,45.0000202,11.0056352,35.445,-0.61,-6.58,0.4,AUTO,45.0010714,11.011657
235724,45.0000224,11.0056249,35.464,-0.62,-6.76,0.42,AUTO,45.0010784,11.0116953
235974,45.0000249,11.0056168,35.483,-0.63,-6.91,0.44,AUTO,45.0010854,11.0117338
236224,45.0000249,11.0056005,35.494,-0.68,-7.15,0.46,AUTO,45.0010924,11.0117719
236474,45.000027,11.0055925,35.511,-0.67,-7.28,0.47,AUTO,45.0010994,11.0118102
236724,45.0000299,11.0055897,35.531,-0.66,-7.35,0.48,AUTO,45.0011065,11.0118485
236974,45.0000336,11.0055905,35.551,-0.66,-7.38,0.5,AUTO,45.0011135,11.0118867
237224,45.0000374,11.005593,35.568,-0.67,-7.39,0.51,AUTO,45.0011206,11.011925
237474,45.0000413,11.0055965,35.582,-0.67,-7.39,0.53,AUTO,45.0011275,11.011963
237724,45.0000455,11.0056038,35.595,-0.68,-7.35,0.54,AUTO,45.0011345,11.012001
237974,45.0000498,11.0056123,35.604,-0.69,-7.29,0.55,AUTO,45.0011413,11.012039
238224,45.0000542,11.0056222,35.61,-0.71,-7.22,0.56,AUTO,45.001148,11.0120769
238474,45.0000587,11.0056337,35.614,-0.72,-7.12,0.57,AUTO,45.0011546,11.0121144
238724,45.000063,11.0056467,35.616,-0.73,-7.02,0.57,AUTO,45.0011611,11.012152
238974,45.0000676,11.0056617,35.617,-0.74,-6.88,0.57,AUTO,45.0011674,11.0121893
239224,45.0000721,11.0056772,35.614,-0.76,-6.74,0.57,AUTO,45.0011735,11.0122266
239474,45.000077,11.0056963,35.618,-0.77,-6.57,0.57,AUTO,45.0011795,11.0122637
239724,45.0000813,11.0057138,35.614,-0.79,-6.4,0.57,AUTO,45.0011854,11.0123006
239974,45.0000861,11.005735,35.605,-0.8,-6.2,0.56,AUTO,45.001191,11.0123372
240224,45.0000905,11.0057555,35.597,-0.82,-6.0,0.56,AUTO,45.0011965,11.0123737
240474,45.0000954,11.0057797,35.586,-0.84,-5.76,0.55,AUTO,45.0012017,11.0124101
240724,45.0000996,11.0058027,35.576,-0.86,-5.53,0.54,AUTO,45.0012069,11.0124462
240974,45.0001044,11.0058295,35.563,-0.88,-5.27,0.53,AUTO,45.0012118,11.0124821
241224,45.0001086,11.0058551,35.551,-0.9,-5.01,0.52,AUTO,45.0012163,11.0125177
241474,45.000113,11.0058819,35.534,-0.92,-4.74,0.5,AUTO,45.0012208,11.0125532
241724,45.0001173,11.0059116,35.522,-0.95,-4.44,0.49,AUTO,45.001225,11.0125884
241974,45.0001219,11.005944,35.507,-0.98,-4.11,0.48,AUTO,45.0012289,11.0126233
242224,45.0001259,11.0059747,35.491,-1.01,-3.8,0.47,AUTO,45.0012325,11.0126581
242474,45.00013,11.0060073,35.472,-1.05,-3.47,0.45,AUTO,45.001236,11.0126926
242724,45.0001338,11.006041,35.455,-1.09,-3.13,0.43,AUTO,45.0012391,11.0127268
242974,45.0001378,11.0060777,35.438,-1.13,-2.76,0.42,AUTO,45.001242,11.0127607
243224,45.0001413,11.0061126,35.419,-1.19,-2.4,0.4,AUTO,45.0012445,11.0127945
243474,45.0001447,11.0061492,35.398,-1.24,-2.03,0.38,AUTO,45.0012465,11.0128279
243724,45.0001477,11.0061861,35.378,-1.3,-1.65,0.37,AUTO,45.0012484,11.0128611
243974,45.000151,11.0062275,35.359,-1.37,-1.23,0.35,AUTO,45.00125,11.012894
244224,45.0001536,11.0062667,35.34,-1.45,-0.84,0.33,AUTO,45.0012511,11.0129267
244474,45.0001524,11.0062802,35.299,-1.58,-0.74,0.31,AUTO,45.0012518,11.0129591
244724,45.0001531,11.0063106,35.277,-1.63,-0.4,0.28,AUTO,45.0012521,11.0129913
244974,45.0001553,11.0063545,35.271,-1.67,0.07,0.26,AUTO,45.0012521,11.0130231
245224,45.0001573,11.0063992,35.263,-1.74,0.54,0.25,AUTO,45.0012519,11.0130549
245474,45.0001591,11.0064443,35.253,-1.85,1.0,0.24,AUTO,45.0012513,11.0130863
245724,45.0001608,11.006494,35.244,-1.99,1.5,0.23,AUTO,45.0012502,11.0131175
245974,45.000162,11.0065455,35.231,-2.16,1.99,0.22,AUTO,45.0012485,11.0131483
246224,45.0001623,11.0065942,35.215,-2.37,2.44,0.21,AUTO,45.0012464,11.0131789
246474,45.0001587,11.0066178,35.181,-2.63,2.61,0.2,AUTO,45.0012435,11.0132092
246724,45.0001565,11.0066572,35.163,-2.79,3.01,0.17,AUTO,45.0012398,11.0132391
246974,45.0001553,11.006709,35.156,-2.98,3.53,0.15,AUTO,45.0012357,11.0132686
247224,45.0001534,11.006761,35.149,-3.24,3.99,0.14,AUTO,45.001231,11.0132979
247474,45.0001508,11.0068146,35.142,-3.59,4.4,0.14,AUTO,45.0012254,11.0133268
247724,45.0001472,11.0068676,35.134,-3.99,4.76,0.13,AUTO,45.001219,11.0133552
247974,45.0001426,11.0069224,35.126,-4.42,5.1,0.13,AUTO,45.0012114,11.013383
248224,45.0001367,11.0069753,35.117,-4.78,5.44,0.11,AUTO,45.0012028,11.0134098
248474,45.0001301,11.0070281,35.113,-4.98,5.45,0.09,AUTO,45.0011929,11.0134361
248724,45.0001231,11.0070773,35.107,-4.92,5.0,0.11,AUTO,45.0011821,11.013461
248974,45.0001165,11.0071238,35.096,-4.65,4.37,0.11,AUTO,45.001171,11.0134832
249224,45.0001104,11.0071657,35.084,-4.27,3.73,0.1,AUTO,45.0011599,11.0135019
249474,45.000105,11.0072045,35.072,-3.85,3.16,0.08,AUTO,45.0011492,11.0135165
249724,45.0001004,11.0072403,35.06,-3.45,2.67,0.06,AUTO,45.001139,11.0135275
249974,45.0000965,11.0072738,35.045,-3.09,2.25,0.05,AUTO,45.0011295,11.0135349
250224,45.0000928,11.007304,35.024,-2.78,1.9,0.03,AUTO,45.0011205,11.013539
250474,45.0000897,11.0073325,34.998,-2.52,1.62,0.01,AUTO,45.0011119,11.0135399
250724,45.0000866,11.0073582,34.966,-2.31,1.4,0.0,AUTO,45.0011036,11.0135384
250974,45.0000835,11.0073823,34.929,-2.15,1.24,-0.03,AUTO,45.0010956,11.013534
251224,45.0000806,11.007404,34.887,-2.01,1.13,-0.07,AUTO,45.0010878,11.0135273
251474,45.0000777,11.0074242,34.842,-1.9,1.05,-0.11,AUTO,45.0010799,11.0135185
251724,45.0000742,11.0074309,34.783,-1.82,0.88,-0.15,AUTO,45.0010724,11.0135075
251974,45.0000704,11.0074304,34.713,-1.78,0.74,-0.2,AUTO,45.0010647,11.0134949
252224,45.0000662,11.0074291,34.646,-1.77,0.67,-0.26,AUTO,45.0010571,11.0134806
252474,45.0000619,11.0074252,34.591,-1.77,0.63,-0.32,AUTO,45.0010494,11.0134648
252724,45.0000574,11.0074195,34.539,-1.77,0.6,-0.38,AUTO,45.0010416,11.0134481
252974,45.0000527,11.0074131,34.5,-1.79,0.6,-0.43,AUTO,45.0010337,11.0134303
253224,45.0000478,11.0074061,34.464,-1.81,0.61,-0.47,AUTO,45.0010259,11.0134116
253474,45.0000427,11.0073984,34.441,-1.84,0.62,-0.5,AUTO,45.0010179,11.0133922
253724,45.0000374,11.0073906,34.419,-1.86,0.64,-0.52,AUTO,45.00101,11.0133718
253974,45.0000318,11.007382,34.409,-1.89,0.66,-0.54,AUTO,45.001002,11.013351
254224,45.0000262,11.0073735,34.401,-1.93,0.68,-0.55,AUTO,45.0009939,11.0133292
254474,45.0000203,11.0073643,34.404,-1.95,0.77,-0.57,AUTO,45.0009857,11.013307
254724,45.0000144,11.0073555,34.411,-1.85,1.25,-0.57,AUTO,45.0009775,11.0132839
254974,45.0000087,11.0073481,34.427,-1.63,2.07,-0.55,AUTO,45.0009694,11.0132611
255224,45.0000037,11.007344,34.442,-1.28,3.23,-0.53,AUTO,45.000962,11.0132397
255474,44.9999995,11.0073429,34.469,-0.83,4.59,-0.52,AUTO,45.0009553,11.0132207
255724,44.9999964,11.0073461,34.508,-0.39,5.89,-0.51,AUTO,45.0009501,11.0132047
255974,44.9999936,11.0073395,34.563,0.01,7.02,-0.48,AUTO,45.0009461,11.0131924
256224,44.9999916,11.0073328,34.635,0.35,8.16,-0.44,AUTO,45.0009435,11.0131833
256474,44.99999,11.0073269,34.727,0.57,9.17,-0.38,AUTO,45.000942,11.0131778
256724,44.9999888,11.007323,34.833,0.71,10.07,-0.29,AUTO,45.0009417,11.0131757
256974,44.9999878,11.0073207,34.949,0.79,10.74,-0.19,AUTO,45.000942,11.0131768
257224,44.999987,11.0073219,35.075,0.82,11.15,-0.08,AUTO,45.0009429,11.0131807
257474,44.9999862,11.0073226,35.202,0.82,11.39,0.03,AUTO,45.0009441,11.0131865
257724,44.9999856,11.0073259,35.334,0.82,11.55,0.16,AUTO,45.0009455,11.0131936
257974,44.999985,11.0073282,35.46,0.8,11.63,0.28,AUTO,45.0009472,11.013202
258224,44.9999847,11.0073327,35.578,0.79,11.69,0.41,AUTO,45.0009489,11.013211
258474,44.9999843,11.007337,35.683,0.77,11.72,0.52,AUTO,45.0009507,11.0132207
258724,44.999984,11.0073415,35.785,0.75,11.73,0.63,AUTO,45.0009527,11.013231
258974,44.9999837,11.0073452,35.878,0.72,11.73,0.73,AUTO,45.0009547,11.0132418
259224,44.9999836,11.0073512,35.959,0.7,11.74,0.82,AUTO,45.0009566,11.0132532
259474,44.9999835,11.007357,36.029,0.68,11.74,0.9,AUTO,45.0009588,11.0132652
259724,44.9999835,11.007363,36.088,0.66,11.74,0.97,AUTO,45.0009609,11.0132776
259974,44.9999835,11.0073682,36.136,0.63,11.73,1.02,AUTO,45.0009632,11.0132905
260224,44.9999832,11.0073635,36.194,0.61,11.61,1.06,AUTO,45.0009655,11.0133039
260474,44.9999826,11.0073532,36.251,0.58,11.49,1.11,AUTO,45.0009679,11.0133178
260724,44.9999821,11.0073414,36.296,0.55,11.39,1.15,AUTO,45.0009703,11.0133326
260974,44.9999815,11.007329,36.326,0.52,11.33,1.19,AUTO,45.0009728,11.0133481
261224,44.999981,11.0073194,36.337,0.49,11.3,1.21,AUTO,45.0009754,11.0133645
261474,44.9999807,11.0073122,36.334,0.46,11.29,1.22,AUTO,45.0009779,11.0133821
261724,44.9999804,11.0073032,36.326,0.43,11.26,1.22,AUTO,45.0009808,11.0134008
261974,44.9999801,11.0072956,36.308,0.41,11.24,1.22,AUTO,45.0009836,11.0134207
262224,44.99998,11.0072911,36.28,0.39,11.23,1.21,AUTO,45.0009864,11.0134417
262474,44.99998,11.0072868,36.247,0.37,11.17,1.19,AUTO,45.0009894,11.0134638
262724,44.9999801,11.0072848,36.209,0.35,11.1,1.16,AUTO,45.0009925,11.013487
262974,44.9999803,11.0072829,36.17,0.34,10.98,1.13,AUTO,45.0009958,11.013511
263224,44.9999806,11.007283,36.126,0.32,10.85,1.1,AUTO,45.0009991,11.013536
263474,44.9999811,11.0072835,36.082,0.3,10.69,1.07,AUTO,45.0010024,11.0135615
263724,44.9999816,11.0072846,36.038,0.29,10.52,1.03,AUTO,45.0010058,11.0135878
263974,44.9999821,11.0072858,35.994,0.27,10.32,0.99,AUTO,45.0010094,11.0136146
264224,44.9999822,11.0072771,35.967,0.24,10.0,0.95,AUTO,45.0010129,11.0136419
264474,44.9999827,11.0072915,35.901,0.22,9.93,0.92,AUTO,45.0010166,11.0136696
264724,44.9999827,11.0072861,35.872,0.21,9.61,0.87,AUTO,45.0010202,11.0136977
264974,44.9999827,11.0072701,35.861,0.19,9.15,0.84,AUTO,45.001024,11.0137261
265224,44.9999827,11.0072527,35.844,0.17,8.68,0.82,AUTO,45.0010278,11.013755
265474,44.9999829,11.0072343,35.818,0.15,8.2,0.81,AUTO,45.0010318,11.0137842
265724,44.9999832,11.0072166,35.782,0.13,7.74,0.79,AUTO,45.0010359,11.0138135
265974,44.9999835,11.007199,35.74,0.11,7.29,0.76,AUTO,45.0010399,11.0138433
266224,44.999984,11.0071839,35.691,0.09,6.88,0.72,AUTO,45.0010441,11.0138733
266474,44.9999848,11.007168,35.647,0.07,6.46,0.67,AUTO,45.0010483,11.0139035
266724,44.9999855,11.0071562,35.6,0.05,6.09,0.63,AUTO,45.0010527,11.0139342
266974,44.9999864,11.0071434,35.552,0.03,5.71,0.58,AUTO,45.0010572,11.0139652
267224,44.9999874,11.0071335,35.509,0.01,5.37,0.54,AUTO,45.0010617,11.0139965
267474,44.9999887,11.0071232,35.467,0.0,5.02,0.49,AUTO,45.0010663,11.014028
267724,44.9999899,11.0071155,35.431,-0.02,4.7,0.45,AUTO,45.0010708,11.0140599
267974,44.9999913,11.0071084,35.397,-0.04,4.39,0.42,AUTO,45.0010756,11.014092
268224,44.9999927,11.0071022,35.369,-0.06,4.09,0.39,AUTO,45.0010804,11.0141245
268474,44.9999935,11.0070839,35.351,-0.1,3.65,0.36,AUTO,45.0010852,11.0141572
268724,44.9999938,11.0070609,35.34,-0.13,3.16,0.34,AUTO,45.0010901,11.0141902
268974,44.9999942,11.0070353,35.326,-0.16,2.65,0.33,AUTO,45.001095,11.0142235
269224,44.9999947,11.0070124,35.313,-0.17,2.18,0.32,AUTO,45.0011,11.0142569
269474,44.9999954,11.0069902,35.297,-0.19,1.73,0.31,AUTO,45.001105,11.0142908
269724,44.9999961,11.0069691,35.284,-0.2,1.3,0.29,AUTO,45.0011103,11.0143247
269974,44.9999972,11.0069486,35.271,-0.22,0.89,0.28,AUTO,45.0011156,11.0143589
270224,44.9999983,11.0069311,35.262,-0.23,0.51,0.27,AUTO,45.001121,11.0143934
270474,44.9999998,11.006914,35.253,-0.25,0.14,0.26,AUTO,45.0011263,11.0144282
270724,45.0000011,11.0068994,35.249,-0.27,-0.19,0.25,AUTO,45.001132,11.0144632
270974,45.0000028,11.0068855,35.246,-0.28,-0.52,0.24,AUTO,45.0011376,11.0144983
271224,45.0000046,11.0068738,35.247,-0.3,-0.82,0.24,AUTO,45.0011432,11.0145337
271474,45.0000066,11.0068633,35.247,-0.32,-1.11,0.24,AUTO,45.001149,11.0145696
271724,45.0000086,11.0068542,35.253,-0.34,-1.38,0.24,AUTO,45.0011547,11.0146053
271974,45.0000109,11.0068462,35.257,-0.36,-1.63,0.24,AUTO,45.0011605,11.0146415
272224,45.0000132,11.00684,35.266,-0.37,-1.87,0.25,AUTO,45.0011663,11.0146777
272474,45.0000159,11.006835,35.273,-0.39,-2.08,0.25,AUTO,45.0011721,11.014714
272724,45.0000171,11.0068186,35.281,-0.43,-2.43,0.26,AUTO,45.0011779,11.0147505
272974,45.0000183,11.0067969,35.281,-0.46,-2.82,0.27,AUTO,45.0011838,11.0147871
273224,45.0000193,11.0067756,35.287,-0.48,-3.2,0.28,AUTO,45.0011895,11.0148238
273474,45.0000205,11.0067554,35.295,-0.5,-3.55,0.28,AUTO,45.0011955,11.0148607
273724,45.0000218,11.0067358,35.306,-0.51,-3.89,0.29,AUTO,45.0012015,11.0148978
273974,45.0000235,11.0067179,35.319,-0.52,-4.2,0.3,AUTO,45.0012075,11.0149349
274224,45.0000252,11.0067021,35.334,-0.53,-4.48,0.31,AUTO,45.0012135,11.0149721
274474,45.0000273,11.0066881,35.348,-0.54,-4.74,0.32,AUTO,45.0012196,11.0150095
274724,45.0000293,11.006676,35.364,-0.56,-4.98,0.33,AUTO,45.0012257,11.0150469
274974,45.0000317,11.0066658,35.379,-0.57,-5.19,0.34,AUTO,45.0012318,11.0150845
275224,45.000034,11.006657,35.394,-0.58,-5.38,0.36,AUTO,45.0012379,11.015122
275474,45.0000367,11.0066502,35.409,-0.59,-5.55,0.37,AUTO,45.001244,11.0151597
275724,45.0000393,11.0066451,35.424,-0.6,-5.69,0.39,AUTO,45.0012501,11.0151975
275974,45.0000423,11.006642,35.438,-0.62,-5.81,0.4,AUTO,45.0012562,11.0152352
276224,45.0000453,11.0066402,35.451,-0.63,-5.91,0.41,AUTO,45.0012623,11.0152731
276474,45.0000485,11.0066402,35.464,-0.64,-5.99,0.42,AUTO,45.0012683,11.0153108
276724,45.0000517,11.0066419,35.477,-0.65,-6.05,0.43,AUTO,45.0012742,11.0153486
276974,45.0000552,11.0066456,35.488,-0.67,-6.08,0.45,AUTO,45.00128,11.0153863
277224,45.0000586,11.0066503,35.498,-0.68,-6.1,0.46,AUTO,45.0012859,11.015424
277474,45.0000622,11.0066572,35.507,-0.69,-6.1,0.46,AUTO,45.0012915,11.0154616
277724,45.0000657,11.0066649,35.514,-0.71,-6.08,0.47,AUTO,45.0012971,11.0154993
277974,45.0000695,11.0066749,35.521,-0.72,-6.04,0.48,AUTO,45.0013026,11.0155367
278224,45.0000732,11.0066857,35.526,-0.74,-5.98,0.48,AUTO,45.001308,11.0155741
278474,45.000077,11.0066989,35.531,-0.75,-5.9,0.49,AUTO,45.0013134,11.0156113
278724,45.0000806,11.0067119,35.533,-0.77,-5.82,0.49,AUTO,45.0013186,11.0156485
278974,45.0000847,11.0067285,35.535,-0.78,-5.7,0.49,AUTO,45.0013236,11.0156855
279224,45.0000884,11.0067445,35.535,-0.8,-5.58,0.5,AUTO,45.0013285,11.0157223
279474,45.0000921,11.006762,35.533,-0.81,-5.44,0.49,AUTO,45.0013332,11.0157589
279724,45.0000962,11.006783,35.533,-0.83,-5.27,0.49,AUTO,45.0013377,11.0157957
279974,45.0001003,11.0068053,35.53,-0.85,-5.08,0.49,AUTO,45.001342,11.015832
280224,45.0001041,11.0068275,35.524,-0.87,-4.89,0.49,AUTO,45.0013462,11.0158682
280474,45.000108,11.0068521,35.518,-0.9,-4.68,0.48,AUTO,45.0013502,11.0159042
280724,45.0001117,11.0068765,35.509,-0.92,-4.47,0.48,AUTO,45.001354,11.0159399
280974,45.0001155,11.0069034,35.5,-0.95,-4.23,0.47,AUTO,45.0013575,11.0159755
281224,45.0001192,11.0069315,35.495,-0.98,-3.97,0.46,AUTO,45.0013608,11.0160109
281474,45.0001226,11.0069592,35.481,-1.01,-3.72,0.45,AUTO,45.0013639,11.016046
281724,45.000126,11.0069889,35.469,-1.04,-3.44,0.44,AUTO,45.0013667,11.0160808
281974,45.0001295,11.0070215,35.455,-1.08,-3.14,0.43,AUTO,45.0013693,11.0161157
282224,45.0001326,11.0070527,35.441,-1.13,-2.85,0.42,AUTO,45.0013715,11.01615
282474,45.0001358,11.0070873,35.425,-1.18,-2.53,0.4,AUTO,45.0013735,11.0161842
282724,45.0001385,11.0071204,35.408,-1.23,-2.22,0.39,AUTO,45.0013752,11.0162181
282974,45.0001411,11.0071553,35.39,-1.29,-1.89,0.37,AUTO,45.0013766,11.0162519
283224,45.0001436,11.0071915,35.374,-1.36,-1.54,0.36,AUTO,45.0013777,11.0162853
283474,45.0001458,11.0072288,35.356,-1.43,-1.19,0.34,AUTO,45.0013784,11.0163184
283724,45.0001479,11.0072672,35.339,-1.51,-0.83,0.33,AUTO,45.0013786,11.0163514
283974,45.0001497,11.0073081,35.322,-1.61,-0.45,0.31,AUTO,45.0013786,11.0163841
284224,45.000151,11.0073472,35.303,-1.72,-0.08,0.3,AUTO,45.0013783,11.0164166
284474,45.0001519,11.0073868,35.283,-1.83,0.28,0.28,AUTO,45.0013774,11.0164487
284724,45.0001526,11.0074289,35.266,-1.96,0.67,0.26,AUTO,45.0013761,11.0164806
284974,45.000153,11.0074732,35.249,-2.11,1.08,0.25,AUTO,45.0013743,11.0165121
285224,45.0001526,11.0075154,35.23,-2.28,1.45,0.23,AUTO,45.0013721,11.0165434
285474,45.000149,11.0075343,35.193,-2.49,1.57,0.21,AUTO,45.0013692,11.0165744
285724,45.0001466,11.0075694,35.175,-2.61,1.91,0.18,AUTO,45.0013657,11.0166051
285974,45.0001452,11.007615,35.168,-2.75,2.36,0.16,AUTO,45.0013618,11.0166357
286224,45.0001432,11.0076615,35.162,-2.96,2.77,0.15,AUTO,45.0013573,11.0166659
286474,45.0001407,11.0077101,35.155,-3.24,3.16,0.15,AUTO,45.0013523,11.0166959
286724,45.0001374,11.0077585,35.146,-3.58,3.5,0.14,AUTO,45.0013466,11.0167255
286974,45.0001332,11.00781,35.136,-4.0,3.81,0.14,AUTO,45.00134,11.0167545
287224,45.0001277,11.0078583,35.124,-4.43,4.07,0.13,AUTO,45.0013322,11.0167828
287474,45.000121,11.0079053,35.11,-4.78,4.35,0.11,AUTO,45.0013232,11.0168102
287724,45.000114,11.0079544,35.103,-4.96,4.35,0.08,AUTO,45.0013133,11.0168368
287974,45.0001067,11.0080019,35.096,-4.86,3.85,0.1,AUTO,45.0013024,11.0168623
288224,45.0000996,11.0080437,35.081,-4.53,3.15,0.1,AUTO,45.0012912,11.0168854
288474,45.0000934,11.0080824,35.067,-4.1,2.45,0.09,AUTO,45.0012801,11.0169047
288724,45.000088,11.0081179,35.054,-3.63,1.8,0.06,AUTO,45.0012696,11.0169199
288974,45.0000837,11.0081514,35.042,-3.19,1.21,0.05,AUTO,45.0012599,11.0169313
289224,45.0000797,11.0081801,35.028,-2.81,0.66,0.03,AUTO,45.0012508,11.0169389
289474,45.0000764,11.0082065,35.01,-2.49,0.14,0.01,AUTO,45.0012423,11.016943
289724,45.0000734,11.0082303,34.988,-2.23,-0.35,0.0,AUTO,45.0012344,11.0169438
289974,45.0000707,11.008252,34.961,-2.02,-0.82,-0.02,AUTO,45.0012268,11.0169411
290224,45.0000682,11.0082702,34.928,-1.85,-1.29,-0.04,AUTO,45.0012193,11.0169353
290474,45.0000656,11.0082851,34.891,-1.72,-1.73,-0.07,AUTO,45.001212,11.0169263
290724,45.0000632,11.0082989,34.851,-1.61,-2.14,-0.11,AUTO,45.0012049,11.0169141
290974,45.0000608,11.0083102,34.806,-1.52,-2.52,-0.14,AUTO,45.0011977,11.0168991
291224,45.0000583,11.0083182,34.756,-1.44,-2.86,-0.18,AUTO,45.0011904,11.016881
291474,45.0000553,11.0083135,34.686,-1.39,-3.25,-0.22,AUTO,45.0011832,11.0168603
291724,45.0000524,11.0083132,34.628,-1.35,-3.49,-0.29,AUTO,45.0011758,11.0168371
291974,45.0000496,11.0083147,34.577,-1.29,-3.62,-0.34,AUTO,45.0011684,11.0168115
292224,45.0000467,11.0083153,34.527,-1.21,-3.67,-0.39,AUTO,45.0011609,11.0167839
292474,45.0000438,11.0083151,34.478,-1.12,-3.65,-0.44,AUTO,45.0011535,11.0167545
292724,45.0000409,11.0083137,34.429,-1.03,-3.57,-0.48,AUTO,45.0011462,11.0167235
292974,45.000038,11.0083114,34.381,-0.95,-3.46,-0.53,AUTO,45.001139,11.0166912
293224,45.0000351,11.0083075,34.335,-0.88,-3.33,-0.57,AUTO,45.0011321,11.0166577
293474,45.000032,11.0083028,34.293,-0.83,-3.18,-0.61,AUTO,45.0011253,11.0166232
293724,45.0000289,11.0082969,34.24,-0.78,-3.02,-0.65,AUTO,45.0011186,11.0165878
293974,45.0000256,11.0082902,34.212,-0.72,-2.87,-0.69,AUTO,45.001112,11.0165515
294224,45.0000224,11.0082822,34.186,-0.68,-2.72,-0.72,AUTO,45.0011055,11.0165144
294474,45.0000191,11.0082734,34.177,-0.63,-2.57,-0.74,AUTO,45.0010993,11.0164764
294724,45.0000158,11.0082635,34.167,-0.58,-2.44,-0.75,AUTO,45.0010932,11.0164376
294974,45.0000124,11.0082527,34.171,-0.52,-2.32,-0.76,AUTO,45.0010873,11.0163984
295224,45.0000091,11.0082409,34.175,-0.42,-2.22,-0.75,AUTO,45.0010817,11.0163583
295474,45.000006,11.008228,34.192,-0.31,-2.12,-0.75,AUTO,45.0010763,11.0163174
295724,45.0000027,11.008203,34.2,-0.16,-2.14,-0.74,AUTO,45.0010712,11.0162759
295974,44.9999995,11.0081698,34.218,0.0,-2.2,-0.74,AUTO,45.0010666,11.0162336
296224,44.9999967,11.0081365,34.245,0.17,-2.21,-0.73,AUTO,45.0010623,11.0161906
296474,44.9999943,11.0081026,34.289,0.35,-2.16,-0.72,AUTO,45.0010587,11.0161471
296724,44.9999921,11.0080674,34.337,0.54,-2.08,-0.69,AUTO,45.0010556,11.0161035
296974,44.9999904,11.0080318,34.402,0.8,-1.76,-0.7,AUTO,45.0010532,11.01606
