name,nodes,spacing,attack,attackers,seed,mode,window,period_ms,duration,dis_threshold,tag,attackers_detected,node_TP,node_FP,node_FN,node_TN,node_TPR,node_FPR,node_precision,node_F1,dec_TP,dec_FP,dec_FN,dec_TN,dec_TPR,dec_FPR,detection_latency_sec,pdr,pdr_normal,delay_mean_s,delay_p95_s,dio_rx_per_node_min,dis_rx_per_node_min,parent_changes_per_node,blocks_temp,blocks_perm,blocked_pairs,temp_block_time_s,attacker_injections
m-20-base-w300-paper-s1,20,20,baseline,0,1,paper,300,0,30,3,,,0,8,0,12,nan,0.4,0.0,0.0,0,18,0,1062,nan,0.016666666666666666,,1.0,1.0,0.038943070921986636,0.07369599999992715,4.592730715028002,0.09888151333317273,1.0,18,0,16,1080,0
m-20-base-w300-paper-s2,20,20,baseline,0,2,paper,300,0,30,3,,,0,10,0,10,nan,0.5,0.0,0.0,0,17,0,1063,nan,0.01574074074074074,,1.0,1.0,0.03739291408325806,0.07268319999998311,4.618078588967653,0.10309150380838951,1.0,17,0,16,1020,0
m-20-base-w300-paper-s3,20,20,baseline,0,3,paper,300,0,30,3,,,0,9,0,11,nan,0.45,0.0,0.0,0,13,0,1067,nan,0.012037037037037037,,1.0,1.0,0.037352995555555206,0.07247040000000875,4.502336639079336,0.09677919878394833,1.0,13,0,10,780,0
m-20-base-w300-paper-s4,20,20,baseline,0,4,paper,300,0,30,3,,,0,7,0,13,nan,0.35,0.0,0.0,0,9,0,1071,nan,0.008333333333333333,,1.0,1.0,0.037834254222221426,0.0746959999999035,4.685322492689747,0.16830974378768737,1.0,9,0,9,540,0
m-20-base-w300-paper-s5,20,20,baseline,0,5,paper,300,0,30,3,,,0,7,0,13,nan,0.35,0.0,0.0,0,9,0,1071,nan,0.008333333333333333,,1.0,1.0,0.03833971911111289,0.07669599999985621,4.651793807223226,0.17041849768660394,1.0,9,0,8,540,0
m-20-base-w300-sliding-s1,20,20,baseline,0,1,sliding,300,0,30,3,,,0,20,0,0,nan,1.0,0.0,0.0,0,776,0,37559,nan,0.02024259814790661,,1.0,1.0,0.038943070921986636,0.07369599999992715,4.073880437383653,0.08287053908549304,1.0,270,98,148,16200,0
m-20-base-w300-sliding-s2,20,20,baseline,0,2,sliding,300,0,30,3,,,0,20,0,0,nan,1.0,0.0,0.0,0,718,0,37640,nan,0.018718389905625944,,1.0,1.0,0.03739291408325806,0.07268319999998311,4.188271933458786,0.08639853693775491,1.0,273,88,151,16380,0
m-20-base-w300-sliding-s3,20,20,baseline,0,3,sliding,300,0,30,3,,,0,20,0,0,nan,1.0,0.0,0.0,0,761,0,37563,nan,0.019857008662978813,,1.0,1.0,0.037352995555555206,0.07247040000000875,4.061298572300739,0.08110842300687439,1.0,276,101,153,16560,0
m-20-base-w300-sliding-s4,20,20,baseline,0,4,sliding,300,0,30,3,,,0,20,0,0,nan,1.0,0.0,0.0,0,824,0,37497,nan,0.021502570392213146,,1.0,1.0,0.037834254222221426,0.0746959999999035,4.182039897442311,0.14105678805230196,1.0,263,103,147,15780,0
m-20-base-w300-sliding-s5,20,20,baseline,0,5,sliding,300,0,30,3,,,0,20,0,0,nan,1.0,0.0,0.0,0,723,0,37597,nan,0.01886743215031315,,1.0,1.0,0.03833971911111289,0.07669599999985621,4.090157317653789,0.1428234269564407,1.0,265,96,150,15900,0
m-20-neighbor-a1-w300-paper-s1,20,20,neighbor,1,1,paper,300,10000,30,3,,6,1,3,0,16,1.0,0.15789473684210525,0.25,0.4,21,4,0,599,1.0,0.006633499170812604,225,1.0,1.0,0.03843675886524748,0.07432520000005298,5.467469776240135,0.10215418753332502,1.0555555555555556,23,7,15,1380,59
m-20-neighbor-a1-w300-paper-s2,20,20,neighbor,1,2,paper,300,10000,30,3,,3,1,3,0,16,1.0,0.15789473684210525,0.25,0.4,28,3,2,582,0.9333333333333333,0.005128205128205128,225,1.0,1.0,0.037977703637978734,0.07468639999993627,5.920631557721273,0.10659801754336874,1.0555555555555556,26,8,16,1560,59
m-20-neighbor-a1-w300-paper-s3,20,20,neighbor,1,3,paper,300,10000,30,3,,9,1,1,0,18,1.0,0.05263157894736842,0.5,0.6666666666666666,48,1,3,542,0.9411764705882353,0.001841620626151013,225,1.0,1.0,0.0378702989323828,0.07369599999992715,6.513543974194552,0.11325971451889606,1.0555555555555556,38,14,21,2280,59
m-20-neighbor-a1-w300-paper-s4,20,20,neighbor,1,4,paper,300,10000,30,3,,9,1,0,0,19,1.0,0.0,1.0,1.0,49,0,2,543,0.9607843137254902,0.0,225,1.0,1.0,0.037528376554175916,0.07168799999998043,6.611183359627056,0.1621150101621683,1.0555555555555556,42,15,25,2520,59
m-20-neighbor-a1-w300-paper-s5,20,20,neighbor,1,5,paper,300,10000,30,3,,10,1,0,0,19,1.0,0.0,1.0,1.0,39,0,0,567,1.0,0.0,225,1.0,1.0,0.03805910596616221,0.0726959999999508,6.311688594343421,0.15546031020550297,1.0555555555555556,29,13,16,1740,59
m-20-neighbor-a1-w300-sliding-s1,20,20,neighbor,1,1,sliding,300,10000,30,3,,6,1,16,0,3,1.0,0.8421052631578947,0.058823529411764705,0.1111111111111111,398,87,29,12174,0.9320843091334895,0.007095669195008564,35,1.0,1.0,0.03843675886524748,0.07432520000005298,4.803340357966575,0.08561329924435096,1.0555555555555556,250,88,137,15000,59
m-20-neighbor-a1-w300-sliding-s2,20,20,neighbor,1,2,sliding,300,10000,30,3,,3,1,15,0,4,1.0,0.7894736842105263,0.0625,0.11764705882352941,564,63,46,11832,0.9245901639344263,0.005296343001261034,25,1.0,1.0,0.037977703637978734,0.07468639999993627,5.233054241243118,0.08933726268393705,1.0555555555555556,236,85,131,14160,59
m-20-neighbor-a1-w300-sliding-s3,20,20,neighbor,1,3,sliding,300,10000,30,3,,9,1,6,0,13,1.0,0.3157894736842105,0.14285714285714285,0.25,960,11,77,11030,0.9257473481195757,0.00099628656824563,25,1.0,1.0,0.0378702989323828,0.07369599999992715,5.7073195698804655,0.09492036460587111,1.0555555555555556,252,100,140,15120,59
m-20-neighbor-a1-w300-sliding-s4,20,20,neighbor,1,4,sliding,300,10000,30,3,,9,1,3,0,16,1.0,0.15789473684210525,0.25,0.4,955,3,82,11038,0.9209257473481196,0.00027171451861244454,25,1.0,1.0,0.037528376554175916,0.07168799999998043,5.763100374913269,0.13586511460315473,1.0555555555555556,244,98,132,14640,59
m-20-neighbor-a1-w300-sliding-s5,20,20,neighbor,1,5,sliding,300,10000,30,3,,10,1,10,0,9,1.0,0.5263157894736842,0.09090909090909091,0.16666666666666669,713,38,80,11491,0.8991172761664565,0.0032960360829213287,35,1.0,1.0,0.03805910596616221,0.0726959999999508,5.532541300490604,0.13028692717723878,1.0555555555555556,236,89,131,14160,59
m-20-dis-a1-w300-paper-s1,20,20,dis,1,1,paper,300,10000,30,3,,6,1,0,0,19,1.0,0.0,1.0,1.0,21,0,0,603,1.0,0.0,225,1.0,1.0,0.038067131975201576,0.07469599999997172,18.23674321790576,1.019321132126004,1.0555555555555556,20,8,12,1200,59
m-20-dis-a1-w300-paper-s2,20,20,dis,1,2,paper,300,10000,30,3,,3,1,0,0,19,1.0,0.0,1.0,1.0,30,0,0,585,1.0,0.0,225,1.0,1.0,0.038104213143869615,0.0736960000001261,24.56640145968219,1.4168653165139429,1.0555555555555556,21,10,11,1260,59
m-20-dis-a1-w300-paper-s3,20,20,dis,1,3,paper,300,10000,30,3,,9,1,0,0,19,1.0,0.0,1.0,1.0,51,0,0,543,1.0,0.0,225,0.9991111111111111,0.99906191369606,0.039119380782918815,0.0746960000000172,32.452239377737804,2.340700766723852,1.0555555555555556,39,17,22,2340,59
m-20-dis-a1-w300-paper-s4,20,20,dis,1,4,paper,300,10000,30,3,,9,1,0,0,19,1.0,0.0,1.0,1.0,51,0,0,543,1.0,0.0,225,1.0,1.0,0.03874941385435409,0.0726959999999508,32.93821685925042,2.3762063133358917,1.0555555555555556,40,17,23,2400,59
m-20-dis-a1-w300-paper-s5,20,20,dis,1,5,paper,300,10000,30,3,,10,1,0,0,19,1.0,0.0,1.0,1.0,39,0,0,567,1.0,0.0,225,1.0,1.0,0.038172131789848324,0.07369599999992715,28.61358052411001,1.8588611377429427,1.0555555555555556,29,13,16,1740,59
m-20-dis-a1-w300-sliding-s1,20,20,dis,1,1,sliding,300,10000,30,3,,6,1,0,0,19,1.0,0.0,1.0,1.0,399,0,28,12261,0.9344262295081968,0.0,45,1.0,1.0,0.038135794508415394,0.07469599999997172,6.263109148705399,0.8542718337642846,1.0555555555555556,245,89,136,14700,59
m-20-dis-a1-w300-sliding-s2,20,20,dis,1,2,sliding,300,10000,30,3,,3,1,0,0,19,1.0,0.0,1.0,1.0,570,0,40,11895,0.9344262295081968,0.0,45,1.0,1.0,0.03797061934339576,0.07337360000002495,6.978543050696291,1.18744111650733,1.0555555555555556,244,95,136,14640,59
m-20-dis-a1-w300-sliding-s3,20,20,dis,1,3,sliding,300,10000,30,3,,9,1,0,0,19,1.0,0.0,1.0,1.0,969,0,68,11041,0.9344262295081968,0.0,45,1.0,1.0,0.037495574090508174,0.07369600000002378,7.348883522476119,1.961687535188003,1.1666666666666667,247,102,136,14820,59
m-20-dis-a1-w300-sliding-s4,20,20,dis,1,4,sliding,300,10000,30,3,,9,1,0,0,19,1.0,0.0,1.0,1.0,969,0,68,11041,0.9344262295081968,0.0,45,1.0,1.0,0.03805120996441211,0.07354599999994767,7.6248867170322985,2.002614565931432,1.0555555555555556,236,95,123,14160,59
m-20-dis-a1-w300-sliding-s5,20,20,dis,1,5,sliding,300,10000,30,3,,10,1,0,0,19,1.0,0.0,1.0,1.0,741,0,52,11529,0.9344262295081968,0.0,45,1.0,1.0,0.037909989304810425,0.073696000000038,7.231234665306222,1.5578594006764124,1.1111111111111112,211,87,118,12660,59
m-30-neighbor-a20pct-w300-paper-s1,30,20,neighbor,20%,1,paper,300,10000,30,3,,4;27,2,0,4,24,0.3333333333333333,0.0,1.0,0.5,14,0,151,747,0.08484848484848485,0.0,225,1.0,1.0,0.05002700000000025,0.09713160000003977,10.56339955850273,0.24679215816179464,1.2608695652173914,15,4,10,900,354
m-30-neighbor-a20pct-w300-paper-s2,30,20,neighbor,20%,2,paper,300,10000,30,3,,4;30,2,0,4,24,0.3333333333333333,0.0,1.0,0.5,9,0,159,744,0.05357142857142857,0.0,225,1.0,1.0,0.05021935046729132,0.0986960000000181,11.156293607786152,0.21029934982740683,1.2608695652173914,12,3,9,720,354
m-30-neighbor-a20pct-w300-paper-s3,30,20,neighbor,20%,3,paper,300,10000,30,3,,19,1,2,5,22,0.16666666666666666,0.08333333333333333,0.3333333333333333,0.2222222222222222,3,2,207,634,0.014285714285714285,0.0031446540880503146,225,1.0,1.0,0.05070029439252318,0.09767839999992134,11.997275195125175,0.2328893055406017,1.2608695652173914,12,1,11,720,354
m-30-neighbor-a20pct-w300-paper-s4,30,20,neighbor,20%,4,paper,300,10000,30,3,,9;17;25,3,0,3,24,0.5,0.0,1.0,0.6666666666666666,15,0,183,666,0.07575757575757576,0.0,225,1.0,1.0,0.050304242990653426,0.0986960000000181,11.75048987892529,0.2780769679970487,1.2608695652173914,17,4,12,1020,354
m-30-neighbor-a20pct-w300-paper-s5,30,20,neighbor,20%,5,paper,300,10000,30,3,,10;13,2,0,4,24,0.3333333333333333,0.0,1.0,0.5,11,0,184,675,0.05641025641025641,0.0,225,1.0,1.0,0.05021143391812966,0.09669600000003982,11.879440795529158,0.27460887281545093,1.2608695652173914,23,1,19,1380,354
m-30-neighbor-a20pct-w300-sliding-s1,30,20,neighbor,20%,1,sliding,300,10000,30,3,,4;20;26;27,4,3,2,21,0.6666666666666666,0.125,0.5714285714285714,0.6153846153846153,299,4,3056,15185,0.08912071535022355,0.0002633484758706959,5,1.0,1.0,0.04986879346557826,0.0966960000000654,8.961479040468475,0.2068313732217023,1.2608695652173914,293,119,163,17580,354
m-30-neighbor-a20pct-w300-sliding-s2,30,20,neighbor,20%,2,sliding,300,10000,30,3,,4;27;30,3,5,3,19,0.5,0.20833333333333334,0.375,0.42857142857142855,164,13,3252,15115,0.04800936768149883,0.0008593336858804865,15,1.0,1.0,0.05021935046729132,0.0986960000000181,9.655950063189122,0.17624688236015845,1.2608695652173914,268,101,152,16080,354
m-30-neighbor-a20pct-w300-sliding-s3,30,20,neighbor,20%,3,sliding,300,10000,30,3,,19;21,2,4,4,20,0.3333333333333333,0.16666666666666666,0.3333333333333333,0.3333333333333333,57,9,4213,12923,0.013348946135831381,0.0006959480358799876,15,1.0,1.0,0.05070029439252318,0.09767839999992134,10.289652529168967,0.19517955535912446,1.2608695652173914,259,91,150,15540,354
m-30-neighbor-a20pct-w300-sliding-s4,30,20,neighbor,20%,4,sliding,300,10000,30,3,,9;17;25,3,3,3,21,0.5,0.125,0.5,0.5,294,3,3732,13539,0.07302533532041729,0.00022153300841825432,45,1.0,1.0,0.05003352135751818,0.09868319999994242,10.04204228232418,0.2330503454777163,1.3043478260869565,310,115,167,18600,354
m-30-neighbor-a20pct-w300-sliding-s5,30,20,neighbor,20%,5,sliding,300,10000,30,3,,10;13,2,0,4,24,0.3333333333333333,0.0,1.0,0.5,258,0,3707,13725,0.06506935687263556,0.0,45,1.0,1.0,0.05021143391812966,0.09669600000003982,10.171435221846314,0.23014274166571927,1.2608695652173914,253,87,145,15180,354
m-30-dis-a20pct-w300-paper-s1,30,20,dis,20%,1,paper,300,10000,30,3,,4;6;10;20;26;27,6,0,0,24,1.0,0.0,1.0,1.0,165,0,0,747,1.0,0.0,225,1.0,1.0,0.05041105140187183,0.0986960000000181,41.589692569096805,5.808305581526182,1.2608695652173914,110,55,55,6600,354
m-30-dis-a20pct-w300-paper-s2,30,20,dis,20%,2,paper,300,10000,30,3,,3;4;13;27;29;30,6,0,0,24,1.0,0.0,1.0,1.0,168,0,0,744,1.0,0.0,225,1.0,1.0,0.050552139941691596,0.0986960000000181,42.381402029267065,5.862311627833415,1.2608695652173914,114,56,58,6840,354
m-30-dis-a20pct-w300-paper-s3,30,20,dis,20%,3,paper,300,10000,30,3,,6;9;13;19;20;21,6,0,0,24,1.0,0.0,1.0,1.0,210,0,0,636,1.0,0.0,225,1.0,1.0,0.05110634112149325,0.0986960000000181,40.9589721169803,7.363820802802458,1.3043478260869565,143,70,73,8580,354
m-30-dis-a20pct-w300-paper-s4,30,20,dis,20%,4,paper,300,10000,30,3,,5;9;11;14;17;25,6,0,0,24,1.0,0.0,1.0,1.0,198,0,0,666,1.0,0.0,225,1.0,1.0,0.05116059883040961,0.10122840000003772,42.56315591404827,6.984945839875866,1.2608695652173914,135,66,69,8100,354
m-30-dis-a20pct-w300-paper-s5,30,20,dis,20%,5,paper,300,10000,30,3,,10;13;21;24;25;28,6,0,0,24,1.0,0.0,1.0,1.0,195,0,0,675,1.0,0.0,225,1.0,1.0,0.05054094613583338,0.09769600000004175,42.24283958088312,6.844365450299023,1.2608695652173914,132,65,67,7920,354
m-30-dis-a20pct-w300-sliding-s1,30,20,dis,20%,1,sliding,300,10000,30,3,,4;6;10;20;26;27,6,0,0,24,1.0,0.0,1.0,1.0,3135,0,220,15189,0.9344262295081968,0.0,45,1.0,1.0,0.049775976662776174,0.09769599999994796,13.68655632730793,4.859080711743655,1.2608695652173914,323,130,176,19380,354
m-30-dis-a20pct-w300-sliding-s2,30,20,dis,20%,2,sliding,300,10000,30,3,,3;4;13;27;29;30,6,0,0,24,1.0,0.0,1.0,1.0,3184,0,232,15128,0.9320843091334895,0.0,45,0.9994165694282381,1.0,0.05026671803852571,0.09666399999999982,14.917137989510543,4.969870765395542,1.2608695652173914,307,121,165,18420,354
m-30-dis-a20pct-w300-sliding-s3,30,20,dis,20%,3,sliding,300,10000,30,3,,6;9;13;19;20;21,6,0,0,24,1.0,0.0,1.0,1.0,3990,0,280,12932,0.9344262295081968,0.0,45,1.0,1.0,0.051330828471413945,0.10269599999992352,15.779441664605832,6.210788239188856,1.3043478260869565,305,129,159,18300,354
m-30-dis-a20pct-w300-sliding-s4,30,20,dis,20%,4,sliding,300,10000,30,3,,5;9;11;14;17;25,6,0,0,24,1.0,0.0,1.0,1.0,3756,0,270,13542,0.9329359165424739,0.0,45,1.0,1.0,0.050439509345794144,0.0966960000000654,15.866116072278235,5.862672753423801,1.3043478260869565,314,122,173,18840,354
m-30-dis-a20pct-w300-sliding-s5,30,20,dis,20%,5,sliding,300,10000,30,3,,10;13;21;24;25;28,6,0,0,24,1.0,0.0,1.0,1.0,3691,0,274,13725,0.9308953341740227,0.0,45,1.0,1.0,0.05068180479251849,0.09751199999999471,16.24764058171054,5.741915744596616,1.2608695652173914,317,128,173,19020,354
m-40-neighbor-a30pct-w300-paper-s1,40,20,neighbor,30%,1,paper,300,5000,30,3,,30,1,0,11,28,0.08333333333333333,0.0,1.0,0.15384615384615385,9,0,342,732,0.02564102564102564,0.0,225,0.9995648389904265,0.9993718592964824,0.06293036482368308,0.12169599999998582,24.95227067661826,0.28277463505601563,1.4444444444444444,16,3,13,960,1428
m-40-neighbor-a30pct-w300-paper-s2,40,20,neighbor,30%,2,paper,300,5000,30,3,,,0,0,12,28,0.0,0.0,nan,0.0,0,0,357,732,0.0,0.0,,1.0,1.0,0.06303038608695413,0.12174440000014829,25.476467911575874,0.30794428902881105,1.4444444444444444,9,0,9,540,1428
m-40-neighbor-a30pct-w300-paper-s3,40,20,neighbor,30%,3,paper,300,5000,30,3,,,0,0,12,28,0.0,0.0,nan,0.0,0,0,297,885,0.0,0.0,,1.0,1.0,0.06304696167247437,0.12569599999983438,22.90779800068651,0.34347632237828934,1.4444444444444444,11,0,11,660,1428
m-40-neighbor-a30pct-w300-paper-s4,40,20,neighbor,30%,4,paper,300,5000,30,3,,35,1,0,11,28,0.08333333333333333,0.0,1.0,0.15384615384615385,6,0,327,801,0.018018018018018018,0.0,225,1.0,1.0,0.06335037140366473,0.12569599999983438,23.90123035669448,0.42934568901396175,1.4444444444444444,10,2,8,600,1428
m-40-neighbor-a30pct-w300-paper-s5,40,20,neighbor,30%,5,paper,300,5000,30,3,,5,1,0,11,28,0.08333333333333333,0.0,1.0,0.15384615384615385,9,0,339,726,0.02586206896551724,0.0,225,1.0,1.0,0.06286324508519169,0.12369600000010905,24.331273081230602,0.3405253017331775,1.4444444444444444,15,3,12,900,1428
m-40-neighbor-a30pct-w300-sliding-s1,40,20,neighbor,30%,1,sliding,300,5000,30,3,,30,1,0,11,28,0.08333333333333333,0.0,1.0,0.15384615384615385,176,0,6961,14884,0.024660221381532857,0.0,5,0.9995648389904265,0.9993718592964824,0.06293036482368308,0.12169599999998582,21.151654798574757,0.236987538487986,1.4444444444444444,339,113,191,20340,1428
m-40-neighbor-a30pct-w300-sliding-s2,40,20,neighbor,30%,2,sliding,300,5000,30,3,,39,1,0,11,28,0.08333333333333333,0.0,1.0,0.15384615384615385,1,0,7258,14884,0.00013776002204160352,0.0,5,1.0,1.0,0.06298198433420533,0.1256687999999926,21.1990819659303,0.25808153478110873,1.4444444444444444,300,101,171,18000,1428
m-40-neighbor-a30pct-w300-sliding-s3,40,20,neighbor,30%,3,sliding,300,5000,30,3,,31,1,0,11,28,0.08333333333333333,0.0,1.0,0.15384615384615385,2,0,6037,17995,0.0003311806590495115,0.0,5,1.0,1.0,0.0628513548387085,0.12369599999999537,19.458065586665757,0.2878601734096982,1.4444444444444444,320,102,186,19200,1428
m-40-neighbor-a30pct-w300-sliding-s4,40,20,neighbor,30%,4,sliding,300,5000,30,3,,35,1,2,11,26,0.08333333333333333,0.07142857142857142,0.3333333333333333,0.13333333333333333,116,2,6655,16285,0.017131885984345,0.0001227973230183582,35,1.0,1.0,0.06344843280977218,0.12369599999999537,20.264168105141156,0.3598254176704555,1.4444444444444444,312,104,179,18720,1428
m-40-neighbor-a30pct-w300-sliding-s5,40,20,neighbor,30%,5,sliding,300,5000,30,3,,5;17;24;31,4,0,8,28,0.3333333333333333,0.0,1.0,0.5,177,0,6899,14762,0.025014132278123234,0.0,5,1.0,1.0,0.06286324508519169,0.12369600000010905,20.64847763413161,0.28538563136700773,1.4444444444444444,308,103,181,18480,1428
m-40-dis-a30pct-w300-paper-s1,40,20,dis,30%,1,paper,300,5000,30,3,,6;8;9;10;14;18;22;27;30;32;33;38,12,0,0,28,1.0,0.0,1.0,1.0,351,0,0,732,1.0,0.0,225,1.0008699434536754,1.0006285355122564,0.06319025119513101,0.12469599999985803,60.31094402239219,20.6070164677732,1.4444444444444444,238,117,121,14280,1428
m-40-dis-a30pct-w300-paper-s2,40,20,dis,30%,2,paper,300,5000,30,3,,3;5;7;12;15;18;20;21;23;25;35;39,12,0,0,28,1.0,0.0,1.0,1.0,357,0,0,732,1.0,0.0,225,0.9995655951346655,1.0,0.06437103172533833,0.12764800000002197,60.65170042616973,21.029041737332847,1.4444444444444444,242,119,123,14520,1428
m-40-dis-a30pct-w300-paper-s3,40,20,dis,30%,3,paper,300,5000,30,3,,2;6;10;17;25;28;31;32;36;37;39;40,12,0,0,28,1.0,0.0,1.0,1.0,297,0,0,885,1.0,0.0,225,1.0,1.0,0.06325025087107927,0.12269599999990533,63.902881477646986,17.64461556079505,1.4444444444444444,200,99,101,12000,1428
m-40-dis-a30pct-w300-paper-s4,40,20,dis,30%,4,paper,300,5000,30,3,,2;6;7;8;11;14;17;19;21;27;32;35,12,0,0,28,1.0,0.0,1.0,1.0,333,0,0,801,1.0,0.0,225,1.0,1.0,0.06352683420593568,0.12269600000007017,60.92267276870527,19.67291557109491,1.4444444444444444,224,111,113,13440,1428
m-40-dis-a30pct-w300-paper-s5,40,20,dis,30%,5,paper,300,5000,30,3,,3;5;12;13;17;18;24;29;31;34;35;38,12,0,0,28,1.0,0.0,1.0,1.0,348,0,0,726,1.0,0.0,225,1.0004364906154517,1.0,0.0633694066317606,0.1266639999999974,59.43202896597048,20.59585857569666,1.4444444444444444,234,116,118,14040,1428
m-40-dis-a30pct-w300-sliding-s1,40,20,dis,30%,1,sliding,300,5000,30,3,,6;8;9;10;14;18;22;27;30;32;33;38,12,0,0,28,1.0,0.0,1.0,1.0,6913,0,224,14884,0.9686142636962309,0.0,15,1.0004345936549326,1.0,0.06360214769765467,0.1246960000000854,24.375802017218902,17.390666698678594,1.4444444444444444,405,167,215,24300,1428
m-40-dis-a30pct-w300-sliding-s2,40,20,dis,30%,2,sliding,300,5000,30,3,,3;5;7;12;15;18;20;21;23;25;35;39,12,0,0,28,1.0,0.0,1.0,1.0,7041,0,218,14884,0.9699683151949304,0.0,15,1.0,1.0,0.0630170687554375,0.1256959999999651,24.881500146897615,17.697196781648817,1.4444444444444444,408,174,216,24480,1428
m-40-dis-a30pct-w300-sliding-s3,40,20,dis,30%,3,sliding,300,5000,30,3,,2;6;10;17;25;28;31;32;36;37;39;40,12,0,0,28,1.0,0.0,1.0,1.0,5853,0,186,17995,0.9692001987083955,0.0,15,1.0,1.0,0.06270715257192726,0.12269600000001901,21.92348870979106,14.780130972656572,1.4444444444444444,419,167,227,25140,1428
m-40-dis-a30pct-w300-sliding-s4,40,20,dis,30%,4,sliding,300,5000,30,3,,2;6;7;8;11;14;17;19;21;27;32;35,12,0,0,28,1.0,0.0,1.0,1.0,6552,0,219,16287,0.9676561807709348,0.0,15,1.0,1.0,0.062780453752182,0.12314600000001956,22.25003217749137,16.48496723851611,1.4444444444444444,402,164,213,24120,1428
m-40-dis-a30pct-w300-sliding-s5,40,20,dis,30%,5,sliding,300,5000,30,3,,3;5;12;13;17;18;24;29;31;34;35;38,12,0,0,28,1.0,0.0,1.0,1.0,6865,0,211,14762,0.9701808931599774,0.0,15,1.00043630017452,1.0,0.06315432708242356,0.12408320000006379,24.444933736041406,17.167806937364865,1.5555555555555556,409,177,220,24540,1428
m-20-base-w300-dt2-paper-s1,20,20,baseline,0,1,paper,300,,30,2,dt2,,0,8,0,12,nan,0.4,0.0,0.0,0,18,0,1062,nan,0.016666666666666666,,1.0,1.0,0.038943070921986636,0.07369599999992715,4.592730715028002,0.09888151333317273,1.0,18,0,16,1080,0
m-20-base-w300-dt2-paper-s2,20,20,baseline,0,2,paper,300,,30,2,dt2,,0,10,0,10,nan,0.5,0.0,0.0,0,17,0,1063,nan,0.01574074074074074,,1.0,1.0,0.03739291408325806,0.07268319999998311,4.618078588967653,0.10309150380838951,1.0,17,0,16,1020,0
m-20-base-w300-dt2-paper-s3,20,20,baseline,0,3,paper,300,,30,2,dt2,,0,9,0,11,nan,0.45,0.0,0.0,0,13,0,1067,nan,0.012037037037037037,,1.0,1.0,0.037352995555555206,0.07247040000000875,4.502336639079336,0.09677919878394833,1.0,13,0,10,780,0
m-20-dis-a1-w300-dt2-paper-s1,20,20,dis,1,1,paper,300,0,30,2,dt2,6,1,0,0,19,1.0,0.0,1.0,1.0,14,0,7,603,0.6666666666666666,0.0,225,1.0,1.0,0.0375953504880199,0.0706959999999981,13.388860796487316,0.38196783164634573,1.0555555555555556,24,2,16,1440,18
m-20-dis-a1-w300-dt2-paper-s2,20,20,dis,1,2,paper,300,0,30,2,dt2,3,1,0,0,19,1.0,0.0,1.0,1.0,20,0,10,585,0.6666666666666666,0.0,225,1.0,1.0,0.03804940425531774,0.07432520000000395,13.828871984219942,0.4397168223663961,1.0555555555555556,24,0,14,1440,15
m-20-dis-a1-w300-dt2-paper-s3,20,20,dis,1,3,paper,300,0,30,2,dt2,9,1,0,0,19,1.0,0.0,1.0,1.0,34,0,17,543,0.6666666666666666,0.0,225,0.9991111111111111,1.0,0.03875904626334136,0.07669119999997455,19.867086393844,0.8305712398052377,1.0555555555555556,37,0,20,2220,19
m-20-base-w300-dt3-paper-s1,20,20,baseline,0,1,paper,300,,30,3,dt3,,0,8,0,12,nan,0.4,0.0,0.0,0,18,0,1062,nan,0.016666666666666666,,1.0,1.0,0.038943070921986636,0.07369599999992715,4.592730715028002,0.09888151333317273,1.0,18,0,16,1080,0
m-20-base-w300-dt3-paper-s2,20,20,baseline,0,2,paper,300,,30,3,dt3,,0,10,0,10,nan,0.5,0.0,0.0,0,17,0,1063,nan,0.01574074074074074,,1.0,1.0,0.03739291408325806,0.07268319999998311,4.618078588967653,0.10309150380838951,1.0,17,0,16,1020,0
m-20-base-w300-dt3-paper-s3,20,20,baseline,0,3,paper,300,,30,3,dt3,,0,9,0,11,nan,0.45,0.0,0.0,0,13,0,1067,nan,0.012037037037037037,,1.0,1.0,0.037352995555555206,0.07247040000000875,4.502336639079336,0.09677919878394833,1.0,13,0,10,780,0
m-20-dis-a1-w300-dt3-paper-s1,20,20,dis,1,1,paper,300,0,30,3,dt3,6,1,0,0,19,1.0,0.0,1.0,1.0,14,0,7,603,0.6666666666666666,0.0,225,1.0,1.0,0.0375953504880199,0.0706959999999981,13.388860796487316,0.38196783164634573,1.0555555555555556,24,2,16,1440,18
m-20-dis-a1-w300-dt3-paper-s2,20,20,dis,1,2,paper,300,0,30,3,dt3,3,1,0,0,19,1.0,0.0,1.0,1.0,20,0,10,585,0.6666666666666666,0.0,225,1.0,1.0,0.03804940425531774,0.07432520000000395,13.828871984219942,0.4397168223663961,1.0555555555555556,24,0,14,1440,15
m-20-dis-a1-w300-dt3-paper-s3,20,20,dis,1,3,paper,300,0,30,3,dt3,9,1,0,0,19,1.0,0.0,1.0,1.0,34,0,17,543,0.6666666666666666,0.0,225,0.9991111111111111,1.0,0.03875904626334136,0.07669119999997455,19.867086393844,0.8305712398052377,1.0555555555555556,37,0,20,2220,19
m-20-base-w300-dt5-paper-s1,20,20,baseline,0,1,paper,300,,30,5,dt5,,0,8,0,12,nan,0.4,0.0,0.0,0,18,0,1062,nan,0.016666666666666666,,1.0,1.0,0.038943070921986636,0.07369599999992715,4.592730715028002,0.09888151333317273,1.0,18,0,16,1080,0
m-20-base-w300-dt5-paper-s2,20,20,baseline,0,2,paper,300,,30,5,dt5,,0,10,0,10,nan,0.5,0.0,0.0,0,17,0,1063,nan,0.01574074074074074,,1.0,1.0,0.03739291408325806,0.07268319999998311,4.618078588967653,0.10309150380838951,1.0,17,0,16,1020,0
m-20-base-w300-dt5-paper-s3,20,20,baseline,0,3,paper,300,,30,5,dt5,,0,9,0,11,nan,0.45,0.0,0.0,0,13,0,1067,nan,0.012037037037037037,,1.0,1.0,0.037352995555555206,0.07247040000000875,4.502336639079336,0.09677919878394833,1.0,13,0,10,780,0
m-20-dis-a1-w300-dt5-paper-s1,20,20,dis,1,1,paper,300,0,30,5,dt5,6,1,0,0,19,1.0,0.0,1.0,1.0,14,0,7,603,0.6666666666666666,0.0,225,1.0,1.0,0.0375953504880199,0.0706959999999981,13.388860796487316,0.38196783164634573,1.0555555555555556,24,2,16,1440,18
m-20-dis-a1-w300-dt5-paper-s2,20,20,dis,1,2,paper,300,0,30,5,dt5,3,1,0,0,19,1.0,0.0,1.0,1.0,10,0,20,585,0.3333333333333333,0.0,525,1.0,1.0,0.037608779450840575,0.07369599999992715,14.981463048907615,0.4841326630094664,1.0555555555555556,16,0,15,960,17
m-20-dis-a1-w300-dt5-paper-s3,20,20,dis,1,3,paper,300,0,30,5,dt5,9,1,0,0,19,1.0,0.0,1.0,1.0,34,0,17,543,0.6666666666666666,0.0,225,0.9991111111111111,1.0,0.03875904626334136,0.07669119999997455,19.867086393844,0.8305712398052377,1.0555555555555556,37,0,20,2220,19
m-20-neighbor-a1-w300-p1000-paper-s1,20,20,neighbor,1,1,paper,300,1000,30,3,p1000,6,1,2,0,17,1.0,0.10526315789473684,0.3333333333333333,0.5,21,3,0,600,1.0,0.004975124378109453,225,1.0,1.0,0.03889198581560416,0.07534600000004148,13.84189241076554,0.10215418753332502,1.0555555555555556,23,7,16,1380,599
m-20-neighbor-a1-w300-p1000-paper-s2,20,20,neighbor,1,2,paper,300,1000,30,3,p1000,3,1,1,0,18,1.0,0.05263157894736842,0.5,0.6666666666666666,30,1,0,584,1.0,0.0017094017094017094,225,1.0,1.0,0.037527872340424824,0.07169600000014213,17.84184318632134,0.10659801754336874,1.0555555555555556,25,10,15,1500,599
m-20-neighbor-a1-w300-p1000-paper-s3,20,20,neighbor,1,3,paper,300,1000,30,3,p1000,9,1,1,0,18,1.0,0.05263157894736842,0.5,0.6666666666666666,51,1,0,542,1.0,0.001841620626151013,225,1.0,1.0,0.03828397153024941,0.07369599999992715,26.866980906854987,0.11325971451889606,1.0555555555555556,40,17,23,2400,599
m-20-neighbor-a1-w300-p1000-sliding-s1,20,20,neighbor,1,1,sliding,300,1000,30,3,p1000,6,1,13,0,6,1.0,0.6842105263157895,0.07142857142857142,0.13333333333333333,425,83,2,12178,0.9953161592505855,0.006769431530870239,5,1.0,1.0,0.03889198581560416,0.07534600000004148,11.874502566568838,0.08561329924435096,1.0555555555555556,237,86,131,14220,599
m-20-neighbor-a1-w300-p1000-sliding-s2,20,20,neighbor,1,2,sliding,300,1000,30,3,p1000,3,1,14,0,5,1.0,0.7368421052631579,0.06666666666666667,0.125,608,63,2,11832,0.9967213114754099,0.005296343001261034,5,1.0,1.0,0.037527872340424824,0.07169600000014213,15.25154581382338,0.08933726268393705,1.0555555555555556,213,79,122,12780,599
m-20-neighbor-a1-w300-p1000-sliding-s3,20,20,neighbor,1,3,sliding,300,1000,30,3,p1000,9,1,5,0,14,1.0,0.2631578947368421,0.16666666666666666,0.2857142857142857,1030,10,7,11031,0.9932497589199615,0.0009057150620414817,5,1.0,1.0,0.03828397153024941,0.07369599999992715,22.757932907432483,0.09492036460587111,1.0555555555555556,238,91,132,14280,599
m-20-neighbor-a1-w300-p5000-paper-s1,20,20,neighbor,1,1,paper,300,5000,30,3,p5000,6,1,3,0,16,1.0,0.15789473684210525,0.25,0.4,21,4,0,599,1.0,0.006633499170812604,225,1.0,1.0,0.03838987943262185,0.07432520000005298,6.395740436869045,0.10215418753332502,1.0555555555555556,23,7,15,1380,119
m-20-neighbor-a1-w300-p5000-paper-s2,20,20,neighbor,1,2,paper,300,5000,30,3,p5000,3,1,3,0,16,1.0,0.15789473684210525,0.25,0.4,30,3,0,582,1.0,0.005128205128205128,225,1.0,1.0,0.03812800710479647,0.07466400000000561,7.213132520434619,0.10659801754336874,1.0555555555555556,26,10,16,1560,119
m-20-neighbor-a1-w300-p5000-paper-s3,20,20,neighbor,1,3,paper,300,5000,30,3,p5000,9,1,1,0,18,1.0,0.05263157894736842,0.5,0.6666666666666666,50,1,1,542,0.9803921568627451,0.001841620626151013,225,1.0,1.0,0.0378069191111113,0.07369600000004084,8.776517485856415,0.11325971451889606,1.0555555555555556,39,16,22,2340,119
m-20-neighbor-a1-w300-p5000-sliding-s1,20,20,neighbor,1,1,sliding,300,5000,30,3,p5000,6,1,16,0,3,1.0,0.8421052631578947,0.058823529411764705,0.1111111111111111,413,87,14,12174,0.9672131147540983,0.007095669195008564,25,1.0,1.0,0.03838987943262185,0.07432520000005298,5.582235265222247,0.08561329924435096,1.0555555555555556,245,89,134,14700,119
m-20-neighbor-a1-w300-p5000-sliding-s2,20,20,neighbor,1,2,sliding,300,5000,30,3,p5000,3,1,15,0,4,1.0,0.7894736842105263,0.0625,0.11764705882352941,591,63,19,11832,0.9688524590163935,0.005296343001261034,15,1.0,1.0,0.03812800710479647,0.07466400000000561,6.3296071009226935,0.08933726268393705,1.0555555555555556,228,76,131,13680,119
m-20-neighbor-a1-w300-p5000-sliding-s3,20,20,neighbor,1,3,sliding,300,5000,30,3,p5000,9,1,5,0,14,1.0,0.2631578947368421,0.16666666666666666,0.2857142857142857,1003,11,34,11030,0.9672131147540983,0.00099628656824563,25,1.0,1.0,0.0378069191111113,0.07369600000004084,7.631163038134103,0.09492036460587111,1.0555555555555556,238,93,132,14280,119
m-20-neighbor-a1-w300-p10000-paper-s1,20,20,neighbor,1,1,paper,300,10000,30,3,p10000,6,1,3,0,16,1.0,0.15789473684210525,0.25,0.4,21,4,0,599,1.0,0.006633499170812604,225,1.0,1.0,0.03843675886524748,0.07432520000005298,5.467469776240135,0.10215418753332502,1.0555555555555556,23,7,15,1380,59
m-20-neighbor-a1-w300-p10000-paper-s2,20,20,neighbor,1,2,paper,300,10000,30,3,p10000,3,1,3,0,16,1.0,0.15789473684210525,0.25,0.4,28,3,2,582,0.9333333333333333,0.005128205128205128,225,1.0,1.0,0.037977703637978734,0.07468639999993627,5.920631557721273,0.10659801754336874,1.0555555555555556,26,8,16,1560,59
m-20-neighbor-a1-w300-p10000-paper-s3,20,20,neighbor,1,3,paper,300,10000,30,3,p10000,9,1,1,0,18,1.0,0.05263157894736842,0.5,0.6666666666666666,48,1,3,542,0.9411764705882353,0.001841620626151013,225,1.0,1.0,0.0378702989323828,0.07369599999992715,6.513543974194552,0.11325971451889606,1.0555555555555556,38,14,21,2280,59
m-20-neighbor-a1-w300-p10000-sliding-s1,20,20,neighbor,1,1,sliding,300,10000,30,3,p10000,6,1,16,0,3,1.0,0.8421052631578947,0.058823529411764705,0.1111111111111111,398,87,29,12174,0.9320843091334895,0.007095669195008564,35,1.0,1.0,0.03843675886524748,0.07432520000005298,4.803340357966575,0.08561329924435096,1.0555555555555556,250,88,137,15000,59
m-20-neighbor-a1-w300-p10000-sliding-s2,20,20,neighbor,1,2,sliding,300,10000,30,3,p10000,3,1,15,0,4,1.0,0.7894736842105263,0.0625,0.11764705882352941,564,63,46,11832,0.9245901639344263,0.005296343001261034,25,1.0,1.0,0.037977703637978734,0.07468639999993627,5.233054241243118,0.08933726268393705,1.0555555555555556,236,85,131,14160,59
m-20-neighbor-a1-w300-p10000-sliding-s3,20,20,neighbor,1,3,sliding,300,10000,30,3,p10000,9,1,6,0,13,1.0,0.3157894736842105,0.14285714285714285,0.25,960,11,77,11030,0.9257473481195757,0.00099628656824563,25,1.0,1.0,0.0378702989323828,0.07369599999992715,5.7073195698804655,0.09492036460587111,1.0555555555555556,252,100,140,15120,59
m-20-neighbor-a1-w300-p30000-paper-s1,20,20,neighbor,1,1,paper,300,30000,30,3,p30000,6,1,3,0,16,1.0,0.15789473684210525,0.25,0.4,15,4,6,599,0.7142857142857143,0.006633499170812604,225,1.0,1.0,0.03829168085106345,0.0746959999999035,4.8456616782112,0.10215418753332502,1.0555555555555556,22,2,15,1320,19
m-20-neighbor-a1-w300-p30000-paper-s2,20,20,neighbor,1,2,paper,300,30000,30,3,p30000,3,1,3,0,16,1.0,0.15789473684210525,0.25,0.4,18,3,12,582,0.6,0.005128205128205128,225,1.0,1.0,0.03797444543034749,0.07369599999992715,5.032314744859866,0.10659801754336874,1.0555555555555556,23,0,15,1380,19
m-20-neighbor-a1-w300-p30000-paper-s3,20,20,neighbor,1,3,paper,300,30000,30,3,p30000,9,1,1,0,18,1.0,0.05263157894736842,0.5,0.6666666666666666,33,1,18,542,0.6470588235294118,0.001841620626151013,225,1.0,1.0,0.03790347330960885,0.07460599999991752,5.005635225991995,0.11325971451889606,1.0555555555555556,37,0,21,2220,19
m-20-neighbor-a1-w300-p30000-sliding-s1,20,20,neighbor,1,1,sliding,300,30000,30,3,p30000,6,1,16,0,3,1.0,0.8421052631578947,0.058823529411764705,0.1111111111111111,208,87,219,12174,0.48711943793911006,0.007095669195008564,55,1.0,1.0,0.03829168085106345,0.0746959999999035,4.292142107406102,0.08561329924435096,1.0555555555555556,247,91,136,14820,19
m-20-neighbor-a1-w300-p30000-sliding-s2,20,20,neighbor,1,2,sliding,300,30000,30,3,p30000,3,1,15,0,4,1.0,0.7894736842105263,0.0625,0.11764705882352941,249,63,361,11832,0.4081967213114754,0.005296343001261034,65,1.0,1.0,0.03797444543034749,0.07369599999992715,4.499744210045802,0.08933726268393705,1.0555555555555556,232,82,128,13920,19
m-20-neighbor-a1-w300-p30000-sliding-s3,20,20,neighbor,1,3,sliding,300,30000,30,3,p30000,9,1,7,0,12,1.0,0.3684210526315789,0.125,0.2222222222222222,448,13,589,11028,0.43201542912246865,0.0011774295806539262,45,1.0,1.0,0.03790347330960885,0.07460599999991752,4.438302538499358,0.09492036460587111,1.0555555555555556,247,101,137,14820,19
m-20-neighbor-a1-w300-p0-paper-s1,20,20,neighbor,1,1,paper,300,0,30,3,p0,6,1,3,0,16,1.0,0.15789473684210525,0.25,0.4,14,4,7,599,0.6666666666666666,0.006633499170812604,225,1.0,1.0,0.03816439007091829,0.07468479999993675,4.821233502931491,0.10215418753332502,1.0555555555555556,24,0,16,1440,18
m-20-neighbor-a1-w300-p0-paper-s2,20,20,neighbor,1,2,paper,300,0,30,3,p0,3,1,3,0,16,1.0,0.15789473684210525,0.25,0.4,15,3,15,582,0.5,0.005128205128205128,225,1.0,1.0,0.03793714995563468,0.07369599999992715,4.945703855605879,0.10659801754336874,1.0555555555555556,21,0,15,1260,15
m-20-neighbor-a1-w300-p0-paper-s3,20,20,neighbor,1,3,paper,300,0,30,3,p0,9,1,3,0,16,1.0,0.15789473684210525,0.25,0.4,34,3,17,540,0.6666666666666666,0.0055248618784530384,225,1.0,1.0,0.038063167999999634,0.0736960000001318,5.007856004708051,0.11325971451889606,1.0555555555555556,39,0,22,2340,19
m-20-neighbor-a1-w300-p0-sliding-s1,20,20,neighbor,1,1,sliding,300,0,30,3,p0,6,1,16,0,3,1.0,0.8421052631578947,0.058823529411764705,0.1111111111111111,194,90,233,12171,0.45433255269320844,0.007340347443112307,35,1.0,1.0,0.03816439007091829,0.07468479999993675,4.305790604387085,0.08561329924435096,1.0555555555555556,246,90,139,14760,18
m-20-neighbor-a1-w300-p0-sliding-s2,20,20,neighbor,1,2,sliding,300,0,30,3,p0,3,1,15,0,4,1.0,0.7894736842105263,0.0625,0.11764705882352941,184,65,426,11830,0.3016393442622951,0.00546448087431694,25,1.0,1.0,0.03793714995563468,0.07369599999992715,4.4265372864575765,0.08933726268393705,1.0555555555555556,232,83,130,13920,15
m-20-neighbor-a1-w300-p0-sliding-s3,20,20,neighbor,1,3,sliding,300,0,30,3,p0,9,1,10,0,9,1.0,0.5263157894736842,0.09090909090909091,0.16666666666666669,477,22,560,11019,0.45998071359691417,0.00199257313649126,55,1.0,1.0,0.038063167999999634,0.0736960000001318,4.444196286628482,0.09492036460587111,1.0555555555555556,251,101,141,15060,19
m-20-dis-a1-w300-p1000-paper-s1,20,20,dis,1,1,paper,300,1000,30,3,p1000,6,1,0,0,19,1.0,0.0,1.0,1.0,21,0,0,603,1.0,0.0,225,1.0,1.0,0.038311950398583476,0.07427680000006083,23.926287314870518,9.38708153702967,1.0555555555555556,19,8,11,1140,599
m-20-dis-a1-w300-p1000-paper-s2,20,20,dis,1,2,paper,300,1000,30,3,p1000,3,1,0,0,19,1.0,0.0,1.0,1.0,30,0,0,585,1.0,0.0,225,1.0,1.0,0.03889453900709146,0.07569599999987986,32.414680501312716,13.37360961762847,1.0555555555555556,23,10,13,1380,599
m-20-dis-a1-w300-p1000-paper-s3,20,20,dis,1,3,paper,300,1000,30,3,p1000,9,1,0,0,19,1.0,0.0,1.0,1.0,51,0,0,543,1.0,0.0,225,1.0,1.0,0.03909832120674536,0.0726959999999508,43.99362636508492,22.718566265260915,1.0555555555555556,36,17,19,2160,599
m-20-dis-a1-w300-p1000-sliding-s1,20,20,dis,1,1,sliding,300,1000,30,3,p1000,6,1,0,0,19,1.0,0.0,1.0,1.0,427,0,0,12261,1.0,0.0,5,1.0,1.0,0.038084780141842786,0.0733252000000674,6.174704111442211,7.839200356895788,1.0555555555555556,225,87,127,13500,599
m-20-dis-a1-w300-p1000-sliding-s2,20,20,dis,1,2,sliding,300,1000,30,3,p1000,3,1,0,0,19,1.0,0.0,1.0,1.0,610,0,0,11895,1.0,0.0,5,1.0,1.0,0.037499932683791065,0.0726959999999508,6.542403497454571,11.22857720358734,1.0555555555555556,251,99,135,15060,599
m-20-dis-a1-w300-p1000-sliding-s3,20,20,dis,1,3,sliding,300,1000,30,3,p1000,9,1,0,0,19,1.0,0.0,1.0,1.0,1037,0,0,11041,1.0,0.0,5,1.0008873114463177,1.0009372071227742,0.038452503546097035,0.07369600000004084,6.33019568794775,19.023157777188406,1.1666666666666667,265,109,139,15900,599
m-20-dis-a1-w300-p5000-paper-s1,20,20,dis,1,1,paper,300,5000,30,3,p5000,6,1,0,0,19,1.0,0.0,1.0,1.0,21,0,0,603,1.0,0.0,225,1.0,1.0,0.03813789902568729,0.0746959999999035,23.71309596697488,1.94981253596216,1.0555555555555556,20,8,12,1200,119
m-20-dis-a1-w300-p5000-paper-s2,20,20,dis,1,2,paper,300,5000,30,3,p5000,3,1,0,0,19,1.0,0.0,1.0,1.0,30,0,0,585,1.0,0.0,225,1.0,1.0,0.03881840638864336,0.0746959999999035,32.063795360232454,2.749340535806052,1.0555555555555556,21,10,11,1260,119
m-20-dis-a1-w300-p5000-paper-s3,20,20,dis,1,3,paper,300,5000,30,3,p5000,9,1,0,0,19,1.0,0.0,1.0,1.0,51,0,0,543,1.0,0.0,225,1.0,1.0,0.03893828063943046,0.07769599999983257,43.19858758473659,4.605895057101773,1.0555555555555556,41,17,24,2460,119
m-20-dis-a1-w300-p5000-sliding-s1,20,20,dis,1,1,sliding,300,5000,30,3,p5000,6,1,0,0,19,1.0,0.0,1.0,1.0,413,0,14,12261,0.9672131147540983,0.0,25,1.0,1.0,0.037916421612046024,0.07369599999996126,6.757246778039642,1.6359584790387935,1.0555555555555556,234,93,128,14040,119
m-20-dis-a1-w300-p5000-sliding-s2,20,20,dis,1,2,sliding,300,5000,30,3,p5000,3,1,0,0,19,1.0,0.0,1.0,1.0,590,0,20,11895,0.9672131147540983,0.0,25,1.0,1.0,0.038651344552699717,0.07668319999991126,7.317280171706219,2.285544970330723,1.0555555555555556,261,99,138,15660,119
m-20-dis-a1-w300-p5000-sliding-s3,20,20,dis,1,3,sliding,300,5000,30,3,p5000,9,1,0,0,19,1.0,0.0,1.0,1.0,1003,0,34,11041,0.9672131147540983,0.0,25,1.0,1.0,0.03813487744227836,0.07542199999997479,7.560438060584629,3.860094827305425,1.1666666666666667,234,98,128,14040,119
m-20-dis-a1-w300-p10000-paper-s1,20,20,dis,1,1,paper,300,10000,30,3,p10000,6,1,0,0,19,1.0,0.0,1.0,1.0,21,0,0,603,1.0,0.0,225,1.0,1.0,0.038067131975201576,0.07469599999997172,18.23674321790576,1.019321132126004,1.0555555555555556,20,8,12,1200,59
m-20-dis-a1-w300-p10000-paper-s2,20,20,dis,1,2,paper,300,10000,30,3,p10000,3,1,0,0,19,1.0,0.0,1.0,1.0,30,0,0,585,1.0,0.0,225,1.0,1.0,0.038104213143869615,0.0736960000001261,24.56640145968219,1.4168653165139429,1.0555555555555556,21,10,11,1260,59
m-20-dis-a1-w300-p10000-paper-s3,20,20,dis,1,3,paper,300,10000,30,3,p10000,9,1,0,0,19,1.0,0.0,1.0,1.0,51,0,0,543,1.0,0.0,225,0.9991111111111111,0.99906191369606,0.039119380782918815,0.0746960000000172,32.452239377737804,2.340700766723852,1.0555555555555556,39,17,22,2340,59
m-20-dis-a1-w300-p10000-sliding-s1,20,20,dis,1,1,sliding,300,10000,30,3,p10000,6,1,0,0,19,1.0,0.0,1.0,1.0,399,0,28,12261,0.9344262295081968,0.0,45,1.0,1.0,0.038135794508415394,0.07469599999997172,6.263109148705399,0.8542718337642846,1.0555555555555556,245,89,136,14700,59
m-20-dis-a1-w300-p10000-sliding-s2,20,20,dis,1,2,sliding,300,10000,30,3,p10000,3,1,0,0,19,1.0,0.0,1.0,1.0,570,0,40,11895,0.9344262295081968,0.0,45,1.0,1.0,0.03797061934339576,0.07337360000002495,6.978543050696291,1.18744111650733,1.0555555555555556,244,95,136,14640,59
m-20-dis-a1-w300-p10000-sliding-s3,20,20,dis,1,3,sliding,300,10000,30,3,p10000,9,1,0,0,19,1.0,0.0,1.0,1.0,969,0,68,11041,0.9344262295081968,0.0,45,1.0,1.0,0.037495574090508174,0.07369600000002378,7.348883522476119,1.961687535188003,1.1666666666666667,247,102,136,14820,59
m-20-dis-a1-w300-p30000-paper-s1,20,20,dis,1,1,paper,300,30000,30,3,p30000,6,1,0,0,19,1.0,0.0,1.0,1.0,14,0,7,603,0.6666666666666666,0.0,225,1.0,1.0,0.0381797905944988,0.07369600000015453,13.293368838575729,0.3975130340970691,1.0555555555555556,20,1,12,1200,19
m-20-dis-a1-w300-p30000-paper-s2,20,20,dis,1,2,paper,300,30000,30,3,p30000,3,1,0,0,19,1.0,0.0,1.0,1.0,20,0,10,585,0.6666666666666666,0.0,225,1.0,1.0,0.03850684902309204,0.07242200000002441,17.055682806939,0.5285485036525367,1.0555555555555556,27,0,17,1620,19
m-20-dis-a1-w300-p30000-paper-s3,20,20,dis,1,3,paper,300,30000,30,3,p30000,9,1,0,0,19,1.0,0.0,1.0,1.0,34,0,17,543,0.6666666666666666,0.0,225,1.0,1.0,0.038077024911034686,0.0756911999999005,22.087865109900786,0.8305712398052377,1.0555555555555556,41,0,24,2460,19
m-20-dis-a1-w300-p30000-sliding-s1,20,20,dis,1,1,sliding,300,30000,30,3,p30000,,0,0,1,19,0.0,0.0,nan,0.0,0,0,427,12261,0.0,0.0,,1.0,1.0,0.037858040744019515,0.0746960000000172,12.921094130519709,0.33314740358127876,1.0555555555555556,210,65,118,12600,19
m-20-dis-a1-w300-p30000-sliding-s2,20,20,dis,1,2,sliding,300,30000,30,3,p30000,,0,0,1,19,0.0,0.0,nan,0.0,0,0,610,11895,0.0,0.0,,1.0,1.0,0.0381896899911426,0.0726959999999508,16.88350185194905,0.44296392747452124,1.0555555555555556,201,65,115,12060,19
m-20-dis-a1-w300-p30000-sliding-s3,20,20,dis,1,3,sliding,300,30000,30,3,p30000,,0,0,1,19,0.0,0.0,nan,0.0,0,0,1037,11041,0.0,0.0,,1.0,1.0,0.03884357295374109,0.07469600000011382,22.29015542434211,0.6960826737763882,1.0555555555555556,208,67,125,12480,19
m-20-dis-a1-w300-p0-paper-s1,20,20,dis,1,1,paper,300,0,30,3,p0,6,1,0,0,19,1.0,0.0,1.0,1.0,14,0,7,603,0.6666666666666666,0.0,225,1.0,1.0,0.0375953504880199,0.0706959999999981,13.388860796487316,0.38196783164634573,1.0555555555555556,24,2,16,1440,18
m-20-dis-a1-w300-p0-paper-s2,20,20,dis,1,2,paper,300,0,30,3,p0,3,1,0,0,19,1.0,0.0,1.0,1.0,20,0,10,585,0.6666666666666666,0.0,225,1.0,1.0,0.03804940425531774,0.07432520000000395,13.828871984219942,0.4397168223663961,1.0555555555555556,24,0,14,1440,15
m-20-dis-a1-w300-p0-paper-s3,20,20,dis,1,3,paper,300,0,30,3,p0,9,1,0,0,19,1.0,0.0,1.0,1.0,34,0,17,543,0.6666666666666666,0.0,225,0.9991111111111111,1.0,0.03875904626334136,0.07669119999997455,19.867086393844,0.8305712398052377,1.0555555555555556,37,0,20,2220,19
m-20-dis-a1-w300-p0-sliding-s1,20,20,dis,1,1,sliding,300,0,30,3,p0,,0,0,1,19,0.0,0.0,nan,0.0,0,0,427,12261,0.0,0.0,,1.0,1.0,0.03820309929078012,0.07369600000002094,11.873261794116022,0.3201192928267036,1.0555555555555556,203,64,118,12180,18
m-20-dis-a1-w300-p0-sliding-s2,20,20,dis,1,2,sliding,300,0,30,3,p0,3,1,0,0,19,1.0,0.0,1.0,1.0,20,0,590,11895,0.03278688524590164,0.0,575,1.0,1.0,0.03756380106572124,0.07469599999998877,14.568798191714542,0.4057400680228808,1.0555555555555556,231,71,129,13860,17
m-20-dis-a1-w300-p0-sliding-s3,20,20,dis,1,3,sliding,300,0,30,3,p0,,0,0,1,19,0.0,0.0,nan,0.0,0,0,1037,11041,0.0,0.0,,1.0,1.0,0.03873765271593979,0.07369600000013747,19.61067140648095,0.7277227953116785,1.0555555555555556,194,66,109,11640,20
